customer,name,address,geometry
    906005,SALESMAN SAMPLES,121 FOSTER AVE,"(40.62812285, -73.97591275200861)"
     28573,DACTA BIRD RESTAURANT,1553 RALPH AVE,"(37.921078125, -121.258447375)"
     28572,A & O IMPERIAL GROCERY,550 HOWARD AVE,"(40.66889175, -73.92036927895569)"
     70578,MI ISLA MARKET LLC.,239 E MAIN ST,"(42.715132350000005, -78.8204406)"
     70465,MOE MARKET,507 DIXWELL AVE,"(41.32668357872943, -72.935039)"
     71304,MACORIS GROCERY,293 WALNUT ST,"(41.639824000000004, -80.15082040693511)"
     29146,FELIX GOURMET INC,370 MALCOM X BLVD,"(None, None)"
   1304995,CVS # 4995,700 W. IRVING PARK ROAD,"(41.97168178897866, -88.0233685875875)"
   1302901,CVS # 2901,3001 WASHINGTON ST.,"(42.3175387, -71.0968506)"
     16067,MAITA DELI GROCERY CORP,1571 SAINT JOHNS PL,"(40.670444, -73.9255591)"
    192142,WINN DIXIE #142,550969 US HWY 1,"(27.267668, -80.2864806)"
     18146,EL COCINERITO,8623 ROOSEVELT AVE,"(43.052040626315794, -79.05691887763159)"
     29884,ACME #2914,4400 S BROAD ST,"(40.181858500000004, -74.67302130933098)"
     29999,BARISTI COFFEE & TEA,617 N 13TH ST,"(37.3533406, -121.886871)"
     30298,TINNELS PATTIES USA,682 SUNRISE HWY,"(40.6549035, -73.6115192)"
     23367,SYLCA MEAT CORP,9105 31ST AVE,"(43.71875800639322, -85.85460723441662)"
     17244,DELI GROCERY,1886 PARK AVE / E 128TH ST,"(None, None)"
     17712,SALCEDO FOOD CORP.,51 E TREMONT AVE,"(40.8513659, -73.9082172)"
     20057,SUMON GROCERY,2741 PITKIN AVE,"(40.675681, -73.8708752)"
     24899,LINCOLN DELI GROCERY,522 MORRIS AVE.,"(40.8167523, -73.9228809)"
     25071,1899 STOP & GO INC.,1899 ANDREWS AVENUE SOUTH,"(40.8540308, -73.913936)"
     22867,EL MAMEY GROCERY,8016 101ST AVE,"(27.74023928780416, -80.53381150906297)"
     22518,P.S. BAKERY & RESTAURANT,917 UTICA AVE STE A,"(None, None)"
     17675,EL VALLE RESTAURANT CORP.,2448 JEROME AVE,"(40.86249457425859, -73.90117536757327)"
     24175,51ST FOOD MARKET,721 11TH AVE,"(40.7666806, -73.9942736)"
     25031,SOLANGEL GROCERY CORP.,1183 PUGSLEY AVENUE,"(40.8309808, -73.8572967)"
     15064,POLO GROCERY,290 BEACH 14TH ST,"(40.59626421428571, -73.74831236734694)"
     18350,IBB GOURMET DELI GROCERY,611 E 182ND ST,"(40.851801, -73.8892666)"
     19561,LA TRADICION DELI GROCERY,1145 BOSTON RD,"(40.8283507, -73.9038889)"
     16468,AAPKAA GAS FOOD CORP.,1255 E GUN HILL RD,"(40.87261355, -73.85037065856011)"
     90101,CAFE' CUBANO,7426 NORTH AVENUE,"(41.9089321, -87.812197)"
    790463,LA GRAN PARADA FOOD STORE,5266 BEACH BLVD,"(30.2949522, -81.6111416)"
     25932,TILDEN DELI GROCERY CORP,2913 TILDEN AVE,"(42.598761059857544, -88.59069426551012)"
     17721,CAMPUS GRILL DELI CORP,88 W 181ST ST,"(40.8568494, -73.9088734)"
     18385,NASSR SUPERETTE INC,7425 101ST AVE,"(42.430197447761195, -86.2627876119403)"
     21782,NOGOR CORP,7715 JAMAICA AVE,"(44.83738895759463, -92.924165331632)"
     22993,PICHARDO COFFEE SHOP,1301 40TH AVE,"(37.7624375, -122.4997892)"
     27730,NABILA INC,413 E FORDHAM ROAD,"(40.861415208333334, -73.89121591666667)"
     18771,CAMILA DELI,420 MAMARONECK AVE,"(40.9519547, -73.736421)"
     28211,BISBAS GOURMET DELI,24306 MERRICK BLVD,"(40.3254146, -83.0777962)"
    860231,DOLLAR LAND,2564 SIMPSON RD,"(30.644187106403113, -83.91594928103424)"
     70335,4 CORNER GROCERY STORE,2901 6TH AVE,"(32.709375300000005, -97.3401322019177)"
     71595,LA FONDA BAR RESTAURANT,269 FRANKLIN AVE,"(41.7431291, -72.6766255)"
    720284,ANTOJITOS DOMINICANOS,510 PLEASANT HILL RD NW,"(33.76666943413552, -84.00010343924517)"
     30017,KEY FOOD #2560 (C),80 3RD ST,"(40.741265999999996, -73.66711216013073)"
     71930,EL CONDOR MARKET,337 PARIS ST,"(42.3775069, -71.0315072)"
     91373,LA BARCA,1221 W 47TH STREET,"(41.808521, -87.6560687030018)"
     22553,SOULJAHS BISTRO,4809 CHURCH AVE,"(40.6519146, -73.9319991171278)"
    861008,BP GAS,4501 NW 36 ST,"(49.6238562, 20.6985541)"
     29987,JUDY GOURMET MARKET,2446 ADAM CLAYTON POWELL BLVD,"(40.8200195, -73.9405876)"
    606761,DREAM CARIBBEAN SUPER MARKET LLC,4545 S ORANGE BLOSSOM TRAIL,"(28.255902369204165, -81.46926984784655)"
    709922,SUPERMECADO SURIANA,2940 ROSEBUD RD SW,"(33.86493, -83.956943)"
     17718,FIRST ADEN GROCERY,2 E BURNSIDE AVE,"(40.853687, -73.907237)"
     20801,ALI NEWSTAND,2201 WESTCHESTER AVE,"(40.8344117, -73.8514172)"
     20158,LANDAN SUPERMARKET,5 NICKLESBURG ROAD,"(41.3506927, -74.1727052)"
     22423,BROOME GROCERY CORP,157 BROOME ST FRNT 1,"(None, None)"
     16216,ALEXANDER DELI,3422 BROADWAY,"(42.9040331, -78.7484588)"
     16431,LICKY FOUR,900 ALLERTON AVE,"(40.8653902, -73.8613421)"
     18645,GROCERY,11202 FARMERS BLVD,"(40.6615963, -73.7706521)"
     19384,KENIA A FERNANDEZ DELI,9922 NORTHERN BLVD STE 1,"(None, None)"
     20798,WESTCHESTER GROCERY,1783 WESTCHESTER AVE,"(40.831681205882354, -73.86673438235294)"
     21362,IDOA FOOD CENTER,480 IRVING AVE,"(40.6953871, -73.9082479)"
     16830,M.A. GROCERY,777 NOSTRAND AVE,"(40.6705922, -73.9502806)"
     24905,LA POTRA GROCERY CORP.,1145 CLAY AVE,"(40.8308146, -73.9117634)"
     15262,JUNCTION GROCERY,4118 JUNCTION BLVD,"(40.744892, -73.8678928)"
     17964,SAM DELI CORP,1089 RUTLAND RD,"(35.10192418956239, -89.96329161796419)"
     15913,ALONSO GROCERY,1195 BUSHWICK AVE,"(40.6885877, -73.9161199)"
     23122,STOP & GO,5311 BROADWAY,"(42.8998363, -78.6761871)"
     90374,"MERCADO, EL FOODMART",3767 N. SOUTHPORT AVENUE,"(41.95079535, -87.66386723498707)"
     90308,KEELER FOODS (W),4150 WEST ROOSEVELT,"(43.086740712176606, -87.96488421573527)"
     18964,FAMILY FOOD DELI CORP,1053 BEDFORD AVE,"(43.31175716105818, -79.84930173929521)"
     23201,VMD DELI GROCERY,6901 QUEENS BLVD,"(40.7294379, -73.8602676)"
     19557,SABOR CRIOLLO GROCERY CORP,1841 GRAND CONCOURSE,"(40.84813310756898, -73.90757928495269)"
     28002,G & A PRODUCE CORP,4901 NEW UTRECHT AVE,"(40.6363355, -73.99457976423956)"
     27035,LA MARKETA LATINA,1560 ST NICHOLAS AVE,"(40.8534883, -73.930456)"
     28148,LOPEZ DELI,216 WILLIS AVE,"(40.808118300000004, -73.92324240208218)"
   1303959,CVS Y MAS #3959,8641 NW 186TH ST,"(25.9436798, -80.3417994)"
     25185,ALICE'S RESTAURANT,171 MAIN STREET,"(41.87604415, -70.76281360124256)"
     16139,COLOMBIA FOOD MARKET,439 COLUMBIA ST,"(40.6772381, -74.0062908)"
     18371,FARMERS 99 CENTS & UP,13830 FARMERS BLVD,"(40.6615963, -73.7706521)"
     29058,ALIYAH GOURMET FOOD CORP,96 KINGSTON AVE,"(52.9526062, -1.299198502267303)"
     70911,ANDY MARKET,66 JEWETT ST,"(42.73733525, -70.95499636536545)"
     71286,MARIBELS GROCERY,235 MADISON AVE,"(40.6429593, -73.6313429)"
   4103632,JEWEL OSCO # 3632,3630 N SOUTHPORT AVE,"(41.94804965, -87.66438471591658)"
    711427,GUADALAJARA SUPERMARKET #3,425 ATLANTA HWY,"(33.614980058897814, -83.59515862874817)"
     21139,DHARYANNA GROCERY & FAST FOOD,185 MARTIN LUTHER KING JR DR,"(32.5211325379543, -92.08057819441036)"
     19070,CANDY & GROC.,180 PARKSIDE AVE,"(40.6548583, -73.9615097)"
     21379,JUNIOR'S LUNCHEONETTE,685 KNICKERBOCKER AVE,"(40.6948491, -73.9111256)"
     15870,LAS MARACAS,1435 SHREMAN,"(None, None)"
     20005,MORAN DELI GROCERY,340 ROEBLING ST STE 3,"(None, None)"
     18068,DELICIAS LATINAS,1700 GREAT NECK RD,"(40.68021935, -73.39910747935068)"
    112432,SHOPRITE #432,5601 CHESTNUT STREET,"(38.5726599, -90.8841999)"
     17848,ARROA GROCERY,9502 35TH AVE,"(33.360152241223986, -112.134898)"
     20274,ENRIQUEZ GROCERY,500 W 135TH STREET,"(40.8188904, -73.9526365)"
     19609,KELVIN GEORGE GROCERY,14131 ROCKAWAY BLVD,"(40.673208, -73.7893278)"
     21532,SHELL MART,18525 N CONDUIT AVE,"(40.6709215, -73.8483174)"
     23324,MIKE'S GROCERY,9701 23RD AVE,"(39.015843, -76.968158)"
     24115,K2 MAG NEWS,150 E 68TH ST,"(40.7676422, -73.9638215)"
     11914,FINE FARE SUPERMARKET,1617 SAINT NICHOLAS AVE,"(40.8555109, -73.9294503)"
     21188,LA NUEVA ESERANZA DELI,4908 HUDSON AVE,"(34.147487506664326, -117.23697117517477)"
     22835,DELI GROCERY,13104 ROCKAWAY BLVD,"(40.673208, -73.7893278)"
     19413,YAMASA GROCERY,1269 GRAND CONCOURSE,"(40.8361777, -73.91683782292554)"
     31161,C-TOWN,2869 FULTON ST,"(40.67892405, -73.88847705689523)"
     25116,GOURMET DELI,920 COLUMBUS AVE,"(40.7987439, -73.9634692)"
     25761,PLT GROCERY STORE,324 CLINTON PL,"(40.900348287671235, -74.05036038356164)"
     27088,NEW WATSON GROCERY,48 WATSON AVE,"(41.1628202, -73.8526974)"
     16077,2096 FULTON DELI & GROCERY,2096 FULTON ST,"(39.95477514285714, -82.94898891836735)"
     20570,SOPHLS MEAT MARKET CORP,13915 101ST AVE,"(41.506052579227976, -90.70587847536787)"
     15789,UNITED 270 DELI GROCERY,270 E 98TH ST,"(40.6610309, -73.9187255)"
     20087,EDWIN ORGANIC GROCERY DELI CORP,3317 FULTON ST,"(40.6835086, -73.873097)"
     18072,VALERY GROCERY CORP,19102 JAMAICA AVE,"(40.7252583, -73.7214394)"
    137787,FOOD 4 LESS # 787,1724 E 165TH ST,"(47.106528378434675, -122.40682655253696)"
     19507,166 QUCICK STOP GROCERY INC,1060 SHERMAN AVE / 166TH ST,"(None, None)"
     18985,PAULA MARKET,276 HUMBOLDT ST,"(40.7111949, -73.9420076)"
     18156,NEW PARADISE GROCERY,8138 BROADWAY,"(32.74383066115594, -117.02208653547748)"
    130204,CVS # 204,5899 ORANGE BLOSSOM TRL,"(28.768576, -81.62421)"
     28451,91ST BODEGA INC,9102 97TH AVE,"(45.218842622627825, -94.91894100993747)"
     26966,PIT STOP,47 PARK AVE,"(53.59842465, -1.7036299999999944)"
     27612,JAMA GRILLE,22 STATE ROUTE 66,"(32.277070498908564, -87.39089834196278)"
    711299,"PIGGLY WIGGLY OF KENLY, LLC",607 W 2ND ST,"(35.6001071, -78.1283676)"
     70115,SAN MIGUEL GROCERY,103 CANTERBURY ST,"(51.3846755, 0.544269)"
     70597,LOS PRIMOS GROCERY STORE 2,64 ROOSEVELT ST,"(44.9439961, -74.892917)"
     70251,FELO MAN MINI MARKET,17 CHERRY ST,"(45.88186125, -106.6286490139182)"
     70341,JUNCO #4,891 NOBLE AVE,"(41.1939306, -73.1841864)"
     29232,GUSTOSO RESTAURANT,3325 FULTON ST,"(40.6836263, -73.87292129361953)"
    333453,KROGER #453,4150 MACLAND RD,"(33.9039306, -84.6744413)"
     18128,MS DELI GOURMET INC,2527 FREDERICK DOUGLASS BLVD,"(40.8167188, -73.9466099)"
     91387,AUBURN GRESHAM FOOD MART,2000 W 79TH ST,"(39.89829705, -86.19526644896223)"
     27694,J & E VARIETY DELI GROCERY,520 A OCEAN AVE,"(40.6065203, -73.9527412)"
    903251,ONE STOP SUPER MARKET,201 SW AVE E,"(32.714194, -102.646392)"
     16508,YANKEE STADIUM GROCERY,901 WALTON AVE,"(40.8279353, -73.92406037851003)"
     15257,HAR SIDHI CORPORATION,4008 JUNCTION BLVD,"(40.74856471428571, -73.86917528571429)"
     19555,CLINTON EXPRESS DELI CORP,732 E TREMONT AVE,"(40.8447108, -73.8899997)"
     19587,FAMILY DELI GROCERY,45 ELLIOT PL / WALTON AVE,"(None, None)"
     18181,LOVERA'S GROCERY,3727 108TH ST,"(42.51767590005233, -87.85131117595515)"
     21389,MARTE MINI MARKET,313 WILSON AVE,"(40.6968038, -73.9185944)"
     21387,REYES DELI GROCERY,1526 BUSHWICK AVE,"(40.6823063, -73.9058981)"
     15495,SHAWNI HOME STYLE REST.,432 E 31ST ST,"(41.55198126966292, -90.56881858426966)"
     17329,SUBHA CARD'S,21703 JAMAICA AVE,"(40.6958662, -73.8387896)"
     20692,Z&H GROCERY,111 CHURCH AVE,"(40.643147, -73.97914493975253)"
     21515,ARIAS GROCERY STORE,141 EVERGREEN AVE,"(44.7664096, -79.8125357)"
     19286,CITY FUELS-BP AMOCO,4353 BROADWAY,"(40.8535303, -73.9344312)"
     24270,MORNING STAR NEWS,412 W 43RD ST,"(36.10275432653061, -96.12812602040816)"
     21110,EXITO SUPR.MARKET,6124 PALISADE AVE,"(40.789426163265304, -74.01272930612245)"
     26411,GARCIA CORONA MINI MKT,222 BRUNSWICK AVE,"(43.663623171428576, -79.40676488571428)"
     26530,CEDI FAMILY MARKET,809 STUYVESANT AVE,"(40.804656428571434, -74.13423440816327)"
    660038,EL 809 SUPERMARKET LLC,3710 W WATERS AVE,"(28.02534888372093, -82.50394723255815)"
     19777,A&Z GROCERY CORP,479 NOSTRAND AVE,"(40.6809588, -73.9495436)"
     19961,BG DELI FOOD,266 THROOP AVE,"(40.6951463, -73.9435287)"
     22340,77 HEGEMAN MARKET II,77 HEGEMAN AVE,"(40.98811422222222, -74.01513827777778)"
     22182,THE 43RD DELI CORP,600 10TH AVE # 43,"(-34.0459966, 18.5299466)"
     27657,MEGA LIQUOURS,67 ORCHARD ST,"(-36.8914541, 174.6787002)"
     27857,58 BROTHERS FOOD MARKET,7056 MARSHALL RD,"(43.23055750537862, -89.04825704289912)"
     20616,YAFRANNY DELI CORP,2728 MERMAID AVE,"(40.5754665, -73.9941479)"
     16836,PRESIDENT DELI & GRILL CORP,876 NOSTRAND AVE,"(40.6682009, -73.9508083)"
     27127,SIMPLY JERK JAMAICAN GRILL,866 CRANBURY SOUTH RIVER ROAD,"(40.3799679, -74.4517543)"
     71298,FLATBUSH MARKET,273 HILLSIDE AVE,"(41.0512032, -73.7891444)"
     70133,SANTIAGOS MARKET,1000 MAIN ST,"(44.9976942, -93.26713254747519)"
     71523,NEW BRITAIN MINI MARKET,345 BROAD STREET,"(41.367938, -82.10527216135041)"
   1308735,CVS # 8735,3940 WEST FULLERTON,"(41.92484865, -87.72592645632837)"
    860528,EXITO SUPERMARKET,1139 NW 22 AVE,"(29.500626, -82.8688231)"
     29414,GLAZED N GRILL,566 JERUSALEM AVE,"(40.70071305, -73.59573644665028)"
     29699,Z & Z GOURMET DELI CORP,1716 MADISON AVE,"(40.7982406, -73.9463244)"
     29816,LOS PRIMOS MARKET,91 S ROUTE 9W,"(41.0321119, -73.926271)"
     29977,CVS PHARMACY #4259 V#B282,1319 MAGIE AVE,"(40.67057428232436, -74.25349414128789)"
1913207MFC,WAL-MART #3207MFC,1601 RINEHART RD,"(28.802526399999998, -81.32822847325676)"
     11610,C-TOWN SUPERMARKET,35 RICHMOND PLAZA,"(33.46843025, -82.08096458029537)"
     12815,SHOP SMART DELI / GROCERY,316 SAINT NICHOLAS AVE,"(40.8110532, -73.9521565)"
     18319,GROCERY,885 E TREMONT AVE,"(40.8425956, -73.8851271)"
     20821,676 GROCERY,676 E 180TH ST,"(40.8481189, -73.8890937)"
     23830,2020 LACONIA AVE DISC CANDY,4045 LACONIA AVE,"(40.8862106, -73.8481819)"
     17592,K & P DELI,3501 35TH AVE,"(37.7935148, -122.20158331097309)"
     16699,TRIANGLE CANDY Y TOBACCO CORP,3404 JEROME AVE,"(40.88089306122449, -73.88319312244897)"
     17708,TRES K DELI GROCERY,125 W TREMONT AVE,"(40.85029375, -73.91333088636289)"
     17745,MACONDO BAKERY,1154 MAIN AVE,"(40.168743990555264, -103.21285774554387)"
     23668,PAN PIZZA,27 E BLACKWELL ST STE A,"(None, None)"
     18278,VILLA VERDE,1461 BEACH AVE,"(39.57215528571429, -74.23189618367347)"
     31243,C-TOWN SUPERMARKET,2274 CRESTON AVE,"(40.8575295, -73.9009345)"
     17461,DELI GROCERY,6903 NORTHERN BLVD,"(43.106268954329664, -76.07674471695694)"
     16472,CLINTON DELI 11 INC,159 BALDWIN RD,"(42.56557115, -71.22701987809707)"
     16763,FACTORY GROCERY,120 GRATTAN ST,"(40.70605045, -73.92816787295772)"
    820785,ISLAND VIDEZ JAMAICAN RESTAURANT & VANESSA L. HAYDEN-JOHNSON,5931 OLD WINTER GARDEN RD,"(28.538009, -81.462514)"
     25685,FE GROCERY CORP,751 HOME ST,"(40.8282556, -73.9018959)"
     21069,NEW MIDWAY DELI CORP,512 FULTON AVE,"(40.7100218, -73.6140459)"
     26721,ACME #2827,3500 RT US 9,"(45.1091914, 15.3145776)"
     26749,LOS MONTONES DELI GROCERY,1850 KENNEDY BLVD,"(40.60939546907413, -80.27410148307756)"
     26758,SEVEN A CAFE INC,109 AVE A,"(40.7260148, -73.9837501)"
     90192,ENGLEWOOD FOOD & LIQUORS (S),6057 S. RACINE,"(41.78430258295467, -87.65451100321388)"
     30260,MORRIS FOOD MARKET,79 MARTIN LUTHER KING AVE,"(40.8004226, -74.4792025)"
    635099,KREYOL DELIGHT,4818 E BUSCH BLVD,"(28.03271333144685, -82.40704843380902)"
     20910,DELI & FOOD CORP,222 E 198TH ST,"(40.86961742857142, -73.89023078571428)"
   4103451,JEWEL OSCO # 3451,150 W MAIN ST,"(42.15515915, -88.13769694563254)"
   1303919,CVS # 3919,2077 NORTH MILITARY TRAIL,"(26.707662583892617, -80.1112407114094)"
     28440,SAAD CORP DELI,8 JAMES L L BURRELL AVE,"(40.7144772, -73.6141488)"
     28525,GARCIA SUPER DELI MARKET,6353 - 51 RISING SUN AVE,"(40.529196229166665, -75.92294594791667)"
     17463,CALIFORNIA DELI CORP,41-26 54TH STREET,"(40.7448606, -73.9106281)"
     12557,KEY FOOD #2418 (C),155 IRVING AVE,"(40.7027117, -73.9205608)"
     28665,TENOCHTITLAN DELI GROCERY,10314 ASTORIA BLVD,"(40.7704417, -73.9176868)"
     16194,ASSOCIATED SUPERMARKET,1588 MADISON AVE,"(40.7940399, -73.9494404)"
   1913548,WALMART #3548 VEND#251893921,910 WOLCOTT ST,"(41.5654766, -73.00789317462826)"
     29369,CHRISTIAN EXPRESS SHOP,19 W MAIN ST,"(42.5307102, -75.525505)"
     91363,SUPERMERCADO EL GALLO,12255 S. WESTERN AVE,"(35.752695208052245, -97.53196431796557)"
     29830,LAS PALMAS BAKERY & DELI,50 FULTON AVE,"(45.392354499999996, -75.69397700362319)"
    860904,WILES LYONS,3081 NW 19TH ST,"(35.48917268625484, -97.56961799606965)"
     25315,LA FE SUPERMARKET,705 GROVE ST,"(43.9037558, -91.22886565015745)"
     72108,CASTILLO FAMILY MARKET,446 HYDE PARK AVE,"(43.01751364204807, -88.24168200779644)"
   1721325,PUBLIX #1325,26841 S TAMIAMI TRL,"(26.3483768, -81.8050827)"
    305959,THE ROCK INVESTMENTS LLC,13630 SW 120TH ST; SUITE 216,"(None, None)"
     16272,BURNSIDE AVE FOOD CENTER,111 E BURNSIDE AVE,"(40.8530794, -73.9050516)"
     17184,CARRETERO,3500 BERGENLINE AVE,"(40.773732, -74.027862)"
     25129,CROWN DELI GROCERY,2215 ADAM CLAYTON POWELL JR BLVD,"(40.8125318, -73.9454017)"
     18808,DELI GROCERY,551 MALCOLM X BOULEVARD,"(40.8160264, -73.9397903)"
     19379,FERNANDEZ GROCERY,9904 NORTHERN BLVD,"(42.6673425, -73.7573981)"
     18940,801 HUNTS POINT DELI,801 HUNTS POINT AVE,"(40.8169018, -73.8883583)"
     21777,BONGAR RESTAURANT,551 RIDGEWOOD AVE,"(40.686505, -73.8688042)"
     17048,SHOPSMART,55 PALISADE AVE,"(40.9350227, -73.8950317)"
     19444,NY BIG APPLE SMOKE SHOP,159 E 170TH ST,"(40.839238, -73.9145952)"
     16370,THRIFT BAKERY,73 S 4TH AVE,"(40.9093327, -73.8358528)"
     20589,ISAAC'S COFFEE SHOP,3001 AVENUE K,"(32.726629700000004, -97.28213296076572)"
     31093,JUST IN VICTOR DELI,1493 ZEREGA AVE,"(40.8378191, -73.848398)"
     20075,TORRES GROCERY,3002 FULTON ST,"(-37.8535705, 145.0117778)"
     17541,MIRA CALI BAKERY #2,7604 ROOSEVELT AVE,"(32.737206, -117.03415357083489)"
     22343,JEANETT MARKET,1763 PITKIN AVE,"(40.67024735, -73.90814424412144)"
     20409,PARKSIDE GOURMET DELI,900 COLUMBUS AVE/104TH ST,"(None, None)"
     15504,BENNY'S MARKET,60 PARK ST,"(10.1461168, -61.5096677)"
     21130,LAS PALMAS DELI,2160 JOHN F KENNEDY BLVD,"(39.95506832653061, -75.17574817346939)"
     23555,ISLAND TASTE RESTAURANT,506 ELLISON ST,"(36.63824613688914, -93.22163384892468)"
     15706,CHRISTIAN EXPRESS ENVIOS,5233 N 5TH ST,"(40.03112435, -75.13140690322626)"
     23731,NEIGHBORHOOD DELI,259 E BLACKWELL ST,"(40.88554820801724, -74.54555732109344)"
     90382,MIDWAY # 2 - 67TH STREET (S),1344 E. 67TH STREET,"(41.77350515, -87.59243939484841)"
     27288,SUPERIOR DELI,10302 CORONA AVE,"(40.5638536, -74.1423554)"
     24941,SABOR LATINO SUPERMARKET,1000 LONGWOOD AVE,"(40.8167648, -73.8973045)"
    21584V,FOOD PLUS SUPERMARKET,4424 KISSENA BLVD,"(40.7353547, -73.8147824)"
     20902,NUNEZ COUSINS GROCERY,1520 WATSON AVE,"(40.8259436, -73.878261)"
     27543,CORTELYOU GOURMET DELI,1626 CORTELYOU RD,"(40.6417821, -73.9627815)"
     27961,JAM ICON'S JAMAICAN RESTAURANT,125 ELIZABETH AVE,"(40.699578599999995, -73.61850905)"
     18301,SABRA DELI GROCERY INC,1539 WESTCHESTER AVE,"(40.8288085, -73.8784606)"
     19976,ABDU FOOD CORP,158 VAN BUREN ST,"(41.6592342, -70.93974324140802)"
     28669,292 AMERICAN DELI,52 W 125TH ST,"(40.80698945, -73.94422612365186)"
     28716,EL EMPANADA DELI FOOD,1078 RUTLAND RD,"(35.10226154912962, -89.96305960952206)"
     70783,R & K FOOD MART,77 LEGION PKWY,"(42.07976364288761, -70.93905410822339)"
     70848,TIENDA Y TAQUERIA SAN ANTONIO,257 PRINCETON ST,"(42.37951635, -71.0297425625279)"
     71612,EXPRESS CONVENIENCE & DELI,715 BURNSIDE AVE,"(41.7793305, -72.6083149)"
     91240,SUPERMERCADO MARTIN #3,7141 W ADDISON STREET,"(41.94508175, -87.80496423050663)"
    711431,LA UNICA SUPERMARKET INTERNACIONAL,2807 S MAIN ST,"(30.088630147298453, -93.99755212303216)"
     70198,PEPPERS JAMAICA BAKERY & JERK CENTER,603 BURNSIDE AVE,"(40.6242218, -73.7431837)"
     23538,LA PLACITA BAKERY,24 NORTH WASHINTON AVE,"(47.4246647, -120.3184156)"
     17239,METRO PAN,450 21ST AVE,"(37.77928275, -122.48012290327702)"
     18773,LA FONDA PAISA,109 E POST RD,"(41.0279503, -73.766822)"
     31012,EXTRA SUPERMARKET,5501 PALISADE AVE,"(40.9059013, -73.9116306)"
     15923,LOS NARANJOS FOOD GROCERY,1094 HANCOCK STREET,"(40.6892587, -73.9139429)"
     18059,LA PLASITA DELI,92 WICKS RD,"(-33.794474, 151.126369)"
     21491,BEDSTAY SUPERMARKET & DELI,2 WEIRFIELD ST,"(40.6999128, -73.9030427)"
     22486,DEW GROCERY / HANNAH,1067 RUTLAND RD,"(40.6640224, -73.924545)"
     22507,E.H. GROCERY,4408 CHURCH AVE,"(40.6513672, -73.9357007)"
     17930,FERREIRA SUPERETTE,608 W 192ND ST,"(40.85625255, -73.92943407541324)"
     21597,DAVID'S FAMOUS PIZZA,580 CENTRAL AVENUE,"(40.6897706, -73.9108132)"
     16281,SANCHEZ GROCERY,89 W KINGSBRIDGE RD,"(40.8683589, -73.9007109)"
     16874,NAHSHAL SUPERMARKET,539 PARK PL,"(40.6750153, -73.9601783)"
     31101,K & O FRUIT & VEG. INC,4026 WHITE PLAINS RD,"(40.889367, -73.8593893)"
     18619,ALBANY CANDY & DELI,517 ALBANY AVE,"(44.6878368, -75.5001999)"
     14369,PENA GROCERY,1484 AMSTERDAM AVE,"(40.8179384, -73.95327477727454)"
   1091541,DOLLAR GENERAL #1541,729 N COMBEE RD,"(28.05149615909091, -81.90789184090909)"
     26066,INTERNATIONAL GOURMET FOODS INC,7520 FULLERTON ROAD,"(38.742819613299794, -77.20116422374667)"
     16872,DANNY GROCERY,416 PROSPECT PL,"(40.6762724, -73.9627506)"
     19772,NORTH MAIN FOOD MARKET,170 N MAIN ST,"(42.0887304, -76.8073806)"
     20666,15 ISLAND DELI GROCERY INC,15 CORSON AVE,"(40.638326649999996, -74.07945142449094)"
     22696,ARIANA DELI GROCERY,1634 EASTERN PARKWAY,"(38.229337219512196, -85.71407104878048)"
     91012,JENNY'S FOOD MARKET,2990 N MILWAUKEE AVE,"(41.935574173152965, -87.71824688103379)"
    711254,CENTRO ENVIOS Y MAS,4850 SUGARLOAF PKWY STE 610,"(None, None)"
    711288,CUBAN SANDWICH TO GO,575 W PIKE ST STE 18,"(None, None)"
     71618,SEABRA SUPERMARKET,1150 HOPE ST,"(35.584349859854235, -89.6341341898664)"
     70522,LAST STOP MARKET,427 WETHERSFIELD AVE,"(41.7441304, -72.6732791)"
     71552,SAM FOOD MARKET,61 QUAIL ST,"(42.6673261, -73.7704206)"
     29174,INTERNATIONAL MINI MARKET,41 KENNEDY DR,"(44.6906843, -63.527940214448584)"
     29342,CAMPO VERDE FOOD MARKET,568 RICHMOND RD,"(40.6127601, -74.08731979407531)"
   4100086,JEWEL OSCO # 0086,8801 S RIDGELAND AVE,"(41.731204, -87.77925)"
     29725,MARIA CONVENIENCE STORE,3161 MAGEE AVE,"(40.031597500000004, -75.05597082717179)"
     26816,SU BUEN GUSTO MEAT MARKET,190 OCEAN AVE,"(41.2357868, -72.9803718)"
    861034,OOPS MARKET,5900 S NORMANDIE,"(33.9874, -118.300101)"
     91487,SPOT STOP DELI & GROCERY,1122 W WILSON AVE,"(41.9655203, -87.6586425)"
    709880,JETRO CASH & CARRY #880,765 OLD COUNTRY RD,"(40.7516829, -73.5694404)"
     29018,ASSOCIATED #16273 (C),7-9 UDALL RD,"(37.3990001, -95.1607723)"
    850501,99 CENTS PLUS PRODUCE INC,1042 HYPOLUXO RD,"(26.571971428571427, -80.058994)"
     17620,JIMENEZ GROCERY,160 HUDSON ST,"(39.718984, -104.9231645)"
     23045,TAJADAS BAKERY REST,9705 JAMAICA AVE,"(44.807797117647056, -92.93613264705883)"
     16778,DELI GROCERY,974 FULTON ST,"(40.6823196, -73.9619667)"
     22932,LIBERTAD RESTAURANT,9619 LIBERTY AVE,"(37.37476019523204, -120.66142883220198)"
     20019,FULTON MINI MARKET / DIAZ MKT,3442 FULTON ST,"(40.68451895, -73.86848176271484)"
     19325,ANGEL FOOD CENTER,2011 CORNAGA AVE,"(40.603556, -73.744844)"
     21586,JERUSALEM CAFE,344 CENTRAL AVE,"(50.765750600000004, -103.80175977651135)"
     23208,ZAC GROCERY DELI CORP,4816 BROADWAY,"(40.866407877551026, -73.9245506122449)"
     15919,CARIBE GROCERY,311 EVERGREEN AVE,"(40.6945896, -73.9242703)"
     23283,COFFEE UNO,7801 ROOSEVELT AVE,"(40.747671, -73.8835664)"
     17420,ALBA'S DELI,11920 METROPOLITAN AVE,"(40.7131025, -73.9094601)"
     18614,CHARO RESTAURANT,10201 37TH AVE,"(47.51184825, -122.37865140622608)"
     12811,DOMINICAN MEAT PLACE II CORP,2101 CORTELYOU RD,"(31.419304, -88.011067)"
     18569,POLLO SABROSO RESTAURANT,350 E MAIN ST STE 12,"(None, None)"
     16321,107 DELI GROCERY CORP,10659 GUY R BREWER BLVD,"(40.69877236734694, -73.7929807244898)"
     17768,DOVIZ SUPERMARKET,551 MADISON AVE,"(42.625918, -79.06851286138014)"
  10912157,DOLLAR GENERAL #12157,14627 COUNTY ROAD 565 A,"(43.1485273, -77.5555771)"
     26718,DAVID LLC,680 MARTIN LUTHER KING JR BLVD,"(40.7560416, -111.871441575)"
     21349,MR GROCERY CORP,164 IRVING AVE STE 1R,"(None, None)"
     22373,ROCKAWAY DELI GROCERY,674 ROCAWAY AVE,"(None, None)"
     17632,CHURCH DELI GROCERY,9411 CHURCH AVE,"(40.6549515, -73.916861)"
     18125,DELI & GROCERY LAS DELICIAS,1230 ISLIP AVE,"(40.7692366, -73.21170570501013)"
     22692,CIGAR SMOKE SHOP,1136 FULTON ST,"(39.955316387755104, -82.96913987755102)"
     17991,ELIN GROCERY CORP,1304 BOSTON RD,"(40.831209, -73.8998158)"
     91088,WESTSIDE FOODS,2305 W 15TH AVE,"(41.5876016, -87.3663797)"
     28826,SUPERFOOD MARKETPLACE,543 SHALER BLVD,"(40.83263765367818, -74.00208365222232)"
     29204,SALENTO COLOMBIAN CAFE & RESTAURANT,2112 AMSTERDAM AVE,"(40.8378593, -73.9386026)"
     29305,NUTRIPAN COLOMBIAN BAKERY #2,8844 SUTPHIN BLVD,"(40.6990815, -73.8069837)"
     71920,LA ESQUINA DE SABOR,341 S MAIN ST,"(43.688927, -116.4905975)"
     71924,DEXTER MINI MARKET,331 DEXTERS ST,"(None, None)"
    711375,ISLAND VIBEZ CARIBBEAN GROCERY,4221 HARDSCRABBLE RD SUITE A,"(None, None)"
     20273,MANHATTAN VILLE DELI GOURMET,1437 AMSTERDAM / 131ST ST,"(40.6652873, -73.8089255)"
     91447,MINI MART STATION,3159 191ST PL,"(41.547768047619044, -87.54066599999999)"
     91396,JUNGLE JIMS EASTGATE,4450 EASTGATE SOUTH DR,"(39.0932449, -84.27523892135434)"
     30265,CVS PHARMACY #6061 V#B282,837 ROOSEVELT AVE,"(43.54835963265306, -90.8931801632653)"
     30276,MIS RAICES RESTAURANT AND BAKERY,2915 SCHOENERSVILLE RD,"(40.649178, -75.4104572)"
    245501,KWIK STOP,1512 NW 19TH ST,"(29.443918285714286, -98.53416557142857)"
   1922306,WINN DIXIE #2306,1514 S FRENCH AVE,"(33.741351013116116, -96.56063173909608)"
     21762,STAR DELI,2718 PITKIN AVE STE A,"(None, None)"
     18085,SUPER DELI & GROCERY,21701 JAMAICA AVE,"(40.7252583, -73.7214394)"
     19820,EXPRESS DELI/GROCERY,131 TOMPKINS AVE,"(40.6950939, -73.946113)"
     19831,BORIQUEN RESTAURANT,174 BORINQUEN PLACE,"(40.7105321, -73.9538635)"
     19431,DELI CORP,1705 DR MARTIN L KING JR BLVD,"(36.1625473, -86.7896737)"
     23496,BROADWAY CAFE PASTRY,85 W PALISADE AVE,"(40.895949, -73.978196)"
     21010,DELI GROCERY,1278 MORRISON AVE,"(40.8315099, -73.8749526)"
     16837,STOP 1 MARKET DELI,902 NOSTRAND AVE,"(40.6673185, -73.9508958)"
     20043,JEFFREY GROCERY,913 BELMONT AVE,"(40.6737193, -73.8751139)"
     22917,KARINA,12619 JAMAICA AVE,"(40.6958662, -73.8387896)"
     18271,IEC DELI MINI MARKET CORP,533 E 183RD ST,"(40.8545701, -73.89154239999999)"
     25890,MY TOWN DELI GROCERY,1485 FLATBUSH AVE,"(40.63429033333333, -73.94908525)"
   1911556,WAL-MART #1556,9265 159Th St,"(41.5990568, -87.84288520619822)"
     18316,LA GONDOLA DELI GROCERY,167 E 205TH ST,"(40.87543665, -73.88532964484864)"
     23112,ROSITA FAMILY RESTAURANT,5411 NORTHEN BLVD,"(28.3258719, 55.8904572)"
     28195,E & J DELI & GRILL,14309 95TH AVE,"(45.96897569225888, -94.46219977699523)"
    26065B,KEY FOOD #2382 (C),416 CRESCENT ST,"(44.6957829, -75.4918187)"
     21853,EZN DELI INC,3998 WHITE PLAINS RD,"(40.8883585, -73.8599435)"
   4100059,JEWEL OSCO # 59,1759 W OGDEN AVE,"(41.7628854, -88.1880552)"
     14878,WEST HARLEM GROCERY CORP,283 W 115TH ST,"(40.8036988, -73.9554956)"
   1305083,CVS Y MAS #5083,324 INDIAN TRACE RD,"(29.905719, -81.501919)"
     18321,CONFE PARK DELI GROCERY,4666 PARK AVE,"(40.8580868, -73.8926311)"
     91131,LAKEWOOD BUSINESS,15 N 1ST AVE,"(46.742234996205624, -92.2198213748419)"
     28917,MORE FOR LESS DISCOUNT,1238 E GUNHILL RD,"(41.6882959, -72.809931)"
     71250,TUTI'S DOLLAR,146 FELTON ST,"(42.62040493109851, -71.28692985761776)"
     29354,MI CONSENTIDA GROCERY,200 49TH ST,"(24.1777878, 55.7153314)"
     91462,FRESH STOP,930 W BELMONT AVE,"(41.94002480258931, -87.65199713374834)"
     29967,WATSON FOOD MARKET,1755 WATSON AVE,"(40.8279569, -73.867822)"
    925017,TONY'S #17,965 E. ROLLINS RD.,"(42.3795211, -88.0588735)"
    689405,HOMETOWN VENTURES LLC,4055 23RD AVE SW,"(26.186536020408163, -81.68791748979592)"
     15810,J & M BAKERY,3010 36TH AVE,"(47.647161, -122.4033218)"
     18079,METIAS DELI GROCERY,11327 FARMERS BLVD,"(40.6615963, -73.7706521)"
     19967,J & J MINI MARKET,377 HANCOCK ST,"(44.8042897, -68.7571607)"
     23348,HERNANDEZ GROCERY,10216 ASTORIA BLVD,"(29.574564928869705, -95.21730544769945)"
     15854,TOBACO SHOP,1349 SAINT NICHOLAS AVE,"(40.8470784, -73.9355974)"
     19206,A.T GROCERY,128 AUDUBON AVE,"(40.8427344, -73.93691)"
     15920,BR MEAT MARKET,291 EVERGREEN AVE,"(40.6950031, -73.9250411)"
     17860,NUTHIN LEFT DELI,5202 92ND ST,"(41.72507154127369, -87.75090711968913)"
     90211,"FARO, EL",4807 W. ARMITAGE AVENUE,"(41.9167603, -87.7465342656337)"
     25190,BISONO SUPERMARKET,533 CENTRAL AVE,"(27.7713612, -82.6408746)"
     19101,JERK CITY,3402 CHURCH AVE,"(40.6508992, -73.9454182)"
     26473,LOS AMIGOS DELI GROCERY,265 S ORANGE AVE,"(34.118661260869565, -117.91280152173913)"
     21854,OVELLE FOOD MARKET,544 HEMLOCK ST,"(40.6755594, -73.8692158)"
     27145,GIONNYS DELI GROCERY,3801 PALISADE AVE,"(40.774288, -74.024449)"
     90095,BP GAS STATION - MADISON ST (W),201 W. MADISON STREET,"(44.97595535, -85.65146724537601)"
    644470,MI RANCHITO,7445 BLUFORD AVE,"(33.9600198, -118.0405875)"
     17493,AUSTRO GROCERY & DELI CORP,6715 WOODSIDE AVE,"(38.99919743810544, -94.43795859515043)"
     27607,AL MADINO MEAT MARKET,8625 BERGENLINE AVE,"(40.80610735353535, -74.00367496969697)"
    137560,FOOD 4 LESS # 560,2501 W NORTH AVE,"(43.0604609, -87.945272)"
     18706,3030 MINI MARKET,3981 LACOMIA AVE,"(None, None)"
     15053,KAYLEE FOOD CORP,43 SCHOOL ST,"(42.460942149999994, -71.45161589930524)"
     28509,BROOKLYN SMOKE SHOP,1009 PROSPECT AVE,"(40.7631894, -73.559463)"
     18824,MIA DELI GROCERY CORP,2085 LEXINGTON AVE,"(-33.7882691, 151.0665903)"
     22741,TROY DELI,73 TROY AVE,"(40.6770091, -73.9356054)"
     22763,FOODTOWN,409 5TH AVE,"(42.710798749999995, -73.71046485855943)"
     17237,SU CASA SUPERMARKET,6700 PARK AVE,"(40.7907188, -74.0045426)"
     71762,YESU MO AFRICAN CARIBBEAN MARKET LLC,2087 W MAIN ST,"(44.42346099615658, -73.01833778616367)"
     16075,ALEGRIA GROCERY DELI,1797 PROSPECT PL,"(40.6725924, -73.9165762)"
     28662,KEY FOOD #2573 (C),3118 24TH AVE,"(41.239452294471434, -95.89216991847982)"
     29704,GLENMORE AVE DELI CORP,581 GLENMORE AVE,"(40.6743606, -73.8887133)"
   4103503,JEWEL OSCO # 3503,145 S EASTWOOD DR,"(42.31549875, -88.4342381001283)"
     20957,LORRIES DELI Y GROCERY,365 E 193RD ST,"(40.863183, -73.8908193)"
     29901,FRONT SUPERMARKET,511 BROADWAY,"(40.7055882, -73.9500085)"
    910101,CARIBBEAN DELIGHT,9491 SW 160TH ST,"(28.989650163265306, -82.2774443877551)"
     22382,EDGAR'S GROCERY,713 DECATUR ST,"(40.6837064, -73.9148051)"
     21808,GROCERY,176 NICHOLS AVE,"(43.066711, -76.1039454)"
     20995,GOURMET DELI,627 E TREMONT AVE,"(40.846192, -73.8924441)"
     20996,180 ST DELI GROCERY,702 E 180TH ST,"(40.84761589795918, -73.88758564285715)"
     16105,TOTA'S BAKERY,244 UTICA AVE,"(40.670198049999996, -73.93124805)"
     16854,FRANKLIN DELI,871 FRANKLIN AVE,"(40.6689972, -73.9584068)"
     18104,J & L GROCERY,11104 FARMERS BLVD,"(40.706636, -73.767344)"
     19388,MARGARITAS GROCERY,2303 ASTORIA BLVD,"(40.7709337, -73.9213088)"
     24567,5 BROTHERS DELI,689 10TH AVE,"(40.762979, -73.9932511)"
     25131,JACOB RESTAURANT,2695 FREDERICK DOUGLASS BLVD,"(40.8217112, -73.9429619)"
     18560,ABREE GROCERY,65 SACKMAN ST,"(40.677376, -73.905901)"
     20310,DELI GROCERY,91 HAMILTON PL,"(40.8231458, -73.9502201)"
     17041,STOP 1 FOODMART,161 N BROADWAY,"(40.9397488, -73.8957602)"
     21488,AARON DELI GROCERY CORP,449 IRVING AVENUE,"(40.6959987, -73.9088273)"
     23607,RANCHO DELI RESTAURANT,163 HUDSON ST,"(37.48305605, -122.24294805195515)"
     14871,AROMA DE CAPE BAKERY,81-02 BROADWAY,"(40.7729906, -73.9823065)"
     25431,S & S VEGETABLE INC,92 LIVONIA AVE,"(40.66144735, -73.91475009784165)"
   1093126,DOLLAR GENERAL #3126,9743 SE MARICAMP RD,"(29.078173585563, -81.98214064331617)"
     26117,LUCK 99 AND UP,1843 NOSTRAND AVE,"(40.64184245333333, -73.94850213333333)"
     26963,LUCKY FAMILY GROCERY,271 N GROVE ST,"(32.75960671428572, -97.330648)"
     22914,FANCY DELI GROCERY INC,12223 GUY R BREWER BLVD,"(40.6877234, -73.7850521)"
     27760,ABIGAIL GROCERY,787 E 185TH ST,"(40.8523815, -73.8823364)"
     24240,KHILLOS NEWSTAND,460 E 138TH ST,"(40.8081609, -73.9210683)"
    130104,CVS #104,1 S MISSOURI AVE,"(27.965484, -82.78755)"
     19595,89 DELI GROCERY INC,16401 89TH AVE,"(41.592935, -87.83457)"
     28577,SUPER SAVERS MARKET,1210 MAIN ST,"(32.704266, -87.5938211)"
     71477,MANNY MARKET,157 SARGEANT ST,"(42.20261755, -72.61775158896253)"
     12439,BRAVO SUPERMARKET,785 GRAND ST,"(40.712031749999994, -73.94174798924749)"
     91220,ADRIAN'S FRESH MARKET # 3,3640 N CENTRAL AVE,"(41.94701545, -87.76712680310409)"
     71803,OLYMPIC RESTAURANT,232 CHESTNUT ST,"(41.80919205, -71.24648603207504)"
     27830,MARLY 2 GROCERY CORP,4238 WHITE PLAINS RD,"(40.89431728571429, -73.85675385714286)"
     91359,THE LITTLE MARKETA,20 W SOUTH ST,"(41.6611406, -88.5373979)"
     29827,CVS PHARMACY #11370 V#B282,1204 PARK AVE,"(35.9978577, -78.8763921)"
     29920,KIWI LIME,7609A BROADWAY,"(None, None)"
     17757,GARRY FOOD MART,7609 BROADWAY,"(40.46651555018092, -87.80145706532045)"
     22014,DYRE RESTAURANT,3803 DYRE AVE,"(40.8880166, -73.831509)"
     23499,MISS T TOW,264 1ST ST,"(40.6747094, -73.9840621)"
     13234,SUPREMO SUPERMKT #11/ORTHODOX,900 ORTHODOX ST,"(40.018368949999996, -75.09501380173913)"
     16336,HOLLAND DELI,2460 HOLLAND AVE,"(37.169673876942625, -93.28616533355837)"
     18094,NEW WAY GROCERY,20419 HOLLIS AVE,"(39.928146, -75.027673)"
     19020,EDWARD GROCERY,1750 NOSTRAND AVE,"(40.6430697, -73.948921)"
     25037,DIPRO DELI CORP.,1809 ARCHER ST,"(40.8376609, -73.8666124)"
     11667,C-TOWN,4008 BOSTON RD,"(37.97251695, -84.55559259470138)"
     18108,LINDEN BLVD DELI & GROCERY,19625 LINDEN BLVD,"(40.6621202, -73.8825583)"
     21378,LOS HERMANOS GROCERY,804 KNICKERBOCKER AVE / ELDER,"(None, None)"
     23250,LA MONTANA BAKERY,3308 90TH ST,"(41.81796498693096, -92.61075466131484)"
     24535,JERUSALEM FOOD MARKET,415 JERUSALEM AVE,"(40.7022826, -73.6020932)"
     15282,QUISQUEYA GROCERY,9501 37TH AVE,"(44.23544302653801, -88.88661717472725)"
     15821,GUZMAN GROCERY,156 PATCHEN AVE,"(40.68613511111111, -73.92681755555556)"
     18721,BAGEL MILL,126 MILL RD,"(52.1988668, 0.1399773)"
     24844,EAST 124 DELI,1931 MADISON AVE,"(40.8050834, -73.9409396)"
     23333,COLLEGE PT DELI,623 COLLEGE POINT BLVD,"(40.7617281, -73.8354279)"
     16751,DOMINGUEZ GROCERY,1004 FLUSHING AVE,"(40.7037745, -73.9308361)"
     19592,CARIBBEAN RESTAURANT,15721 ROCKAWAY BLVD,"(40.673208, -73.7893278)"
     22743,PARK PLACE CORP,1492 PARK PL,"(40.6720801, -73.9278714)"
     16757,M.J. SUPERMARKET,116 GRAHAM AVE,"(37.3189515, -121.88026)"
     25672,PANADERIA EL TESORO,89 N MAIN ST,"(51.952890499999995, -7.846778989215032)"
     26113,ALI DELI GROCERY,2023 7TH AVE,"(15.1585657, 120.5652755)"
     26348,RAMIREZ GROCERY,1190 ROGERS AVE B,"(49.3633609, -120.0678273)"
     26717,NAEEMA GROCERY,491 CLINTON AVE,"(37.3452315, -120.5907056)"
     26919,RUDILICIA SUPERMARKET,846 2ND ST,"(35.1673947755102, -79.01012369387756)"
     11138,ASSOCIATED #859(I),15904 HARLEM RIVER DR,"(37.94309, -77.560866)"
     18112,LAS MELLAS,19102 120TH AVE,"(41.15574517279178, -92.3918330467433)"
     22827,C&M GROCERY & MEAT MARKET,12323 JAMAICA AVE,"(38.429504393617016, -75.05712117021277)"
     21987,LEE'S MARKET,13 GRAMATAN AVE,"(40.91255310767972, -73.83718552668768)"
     14260,ABREU MINIMARKET INC,20219 JAMAICA AVE,"(40.6958662, -73.8387896)"
    901366,LOS ARRIEROS REST,10471 N KENDALL DRIVE,"(25.687453, -80.3629144)"
    137553,FOOD 4 LESS # 553,12150 S PULASKI RD,"(41.672499, -87.7213887832655)"
     19649,MANHATTANVILLE GOURMET DELI 2 INC,1477 AMSTERDAM AVENUE,"(40.8174365, -73.9530851)"
    444085,FOOD DEPOT STORE #85,140 DYKES ST,"(33.02381404239267, -81.3112362075522)"
     28745,CVS PHARMACY #1107 V#B282,6802 MYRTLE AVE,"(37.3932281, -120.6097987)"
     13075,CVS PHARMACY #8969 V#B282,5056 E 167TH ST,"(41.5864049, -87.6341405)"
     71307,RAQUEL SUPERMARKET,296 LAWRENCE ST,"(40.72096745, -73.60840561461575)"
   1302596,CVS #2596 VENDOR ID B282,150 LAYFAYETTE SQUARE,"(None, None)"
     29638,SOLDIER RESTAURANT,5304 CHURCH AVE,"(40.652137749999994, -73.92725179278496)"
    901101,ASHRAI HALAL MEAT,20705 NW 2ND AVE / 441 ST RD 7,"(None, None)"
     17566,CAFE DE COLOMBIA,4627 GREENPOINT AVE,"(40.7338313, -73.9390103)"
     19159,SHOPPING CENTER,1711 FOSTER AVE,"(30.180110550000002, -85.69637709969399)"
     22429,VASQUEZ SUPMKT FOOD CORP,281 SUTTER AVE,"(35.88794999722518, -119.27352276873006)"
     22384,BAEZ GROCERY,1023 LAFAYETTE AVE,"(40.6922994, -73.9312349)"
     16719,CANDY STORE,1169 BEDFORD AVE,"(40.6834199, -73.9537509)"
     16107,301 UTICA VEGETABLE & GROCERY,301 UTICA AVE,"(40.6676545, -73.9310799)"
     16269,DEBA DELI GROCERY,131 W KINGSBRIDGE RD FRNT 2,"(40.867664, -73.898452)"
     24738,GRAND SUPERETTE,372 CENTRAL AVE,"(40.6942765, -73.9187258)"
     25027,FOOD MARKET INC,241 BEDFORD PARK BLVD,"(40.871234900000005, -73.88638682110806)"
     22374,BLUE CORNER GROCERY,591 SUTTER AVE,"(40.6692759, -73.89700356205037)"
     19482,THA DELI SUPERMARKET,14702 ROCKAWAY BLVD,"(40.673208, -73.7893278)"
     19489,JEN DELI GROCERY CORP,995 E 173RD ST,"(40.83468, -73.8854458)"
     18223,LA OTRA GROCERY,9420 37TH AVE,"(47.5175596, -122.2857115889745)"
     16337,DENA DELI,1101 ALLERTON AVE,"(40.8655837, -73.8555717)"
     20548,RICE & BEANS GROCERY,9109 SPRINGFIELD BLVD,"(40.7033038, -73.7404905)"
     23705,640 DELI GROCERY,640 N 6TH ST,"(34.255559, -110.03650884712057)"
     25358,DELI GROCERY INC,757 E 169TH ST,"(40.8310617, -73.8998221)"
     22700,E & M CANDY STORE,1250 PARK PL,"(28.808385472199017, -81.6635445356563)"
     26272,RABEE DELI,11458 MERRICK BLVD,"(40.3254146, -83.0777962)"
     26840,EAST END ROTISSERIE N MORE INC,34 S ETNA AVE STE A,"(None, None)"
     26807,2ND AVE GROCERY N SMOKE SHOP,455 2ND AVE,"(40.7397206, -73.979801)"
     27179,NOSTRAND GOURMET DELI SUPERMARKET,349 NOSTRAND AVE,"(40.6863357, -73.9506068)"
     27194,FRUITS GROCERY STONES,276 E 198TH ST,"(40.8686441, -73.8886175)"
     27805,NATURAL FOOD DELI,2181 3RD AVE,"(40.7997027, -73.9385056)"
     17263,5TH AVE GOURMET DELI,2289A 5TH AVE,"(33.5302066, 73.2029979)"
     28375,LYNDHURST JERK & GYRO SPOT,307 RIDGE RD,"(38.333544700000004, -120.5271075)"
     28472,BRADDOCK DELI & GROCERY,22215 BRADDOCK AVE,"(39.6518626, -78.8133152)"
     28730,MONSURAT AFRICAN TRADING,189 NEW BRUNSWICK AVE,"(39.96789697368421, -74.07406307894738)"
     31212,JUNCTION SMOKE INC,4022 JUNCTION BLVD,"(40.748476714285715, -73.86911278571428)"
     28975,BROOKLYN HARVEST,2614 2ND ST,"(32.74008510100596, -100.92600114935159)"
   4078327,HANNAFORD #8327,777 ROGERS ST,"(42.6287412, -71.27821660640063)"
     70280,CASTILLO MARKET,335 BROAD ST,"(42.1567147, -78.7281459)"
     71448,ALMONTE MARKET,129 SARGEANT ST,"(42.201088, -72.614784)"
     71499,CENTER MARKET,256 ALBANY AVE,"(41.7765868, -72.6808174)"
     91198,GROCERY BASKET,351 W 103RD,"(46.659200489790145, -92.23084391761945)"
    333413,KROGER #413,10375 TARA BLVD,"(33.4723023, -84.3385206)"
   4103459,JEWEL OSCO # 3459,1600 DEERFIELD RD,"(42.17769475, -87.82171394360302)"
     15206,LUPITA GROCERY,2915 21ST AVE,"(37.7341526, -122.47730396100226)"
     29828,CVS PHARMACY #2015 V#B282,7 W MAIN ST,"(42.0747645, -79.4834165)"
     30285,EL PARAISO DEL SABOR RESTAURANT,4413 BERGENLINE AVE,"(40.77907863265306, -74.02393944897959)"
     30300,TRIANGLE DELI AND GROCERY,1891 FULTON ST,"(39.95469329801325, -82.95066613907285)"
    861192,FOUR OAKS MINI MARKET,12320 FOUR OAKS RD,"(28.058878575757575, -82.5311511919192)"
    823807,LATINO GROCERY SPANISH FOOD,2732 S CHICKASAW TRAIL; #927 - 2,"(28.267818, -80.6072849)"
    701023,COSTA VERDE RESTAURANT,6200 BUFORD HIGHWAY-SUITE B,"(None, None)"
     17544,BBQ PEKING,5811 WOODSIDE AVE,"(33.73544465597652, -78.83788699407422)"
     20829,B & M GROCERY,2236 GRAND CONCOURSE,"(40.85666771428571, -73.90074757142857)"
     19452,AG DELI GROCERY CORP,976 PROSPECT AVE,"(40.8233312, -73.8999021)"
     20375,BEST WAY DELI GROCERY,619 MALCOLM X BLVD,"(40.8179115, -73.9384039)"
     16273,GROCERY DELI INC P,37 W 183RD ST,"(40.8589462, -73.9052832)"
     16795,SAMMYS DELI GRILL CORP,1126 WESTCHESTER AVE,"(40.8255621, -73.889818)"
     21307,STOP 1 FOOD CARP.,538 HEGEMAN AVE,"(40.6597645, -73.8917409)"
     20932,SAL'S DELI & GROCERY,362 E GUN HILL RD,"(40.878579, -73.8724183)"
     24587,CIBAO DELI,427 JERUSALEM AVE,"(40.7022242, -73.6014594)"
     13239,SUPREMO FOOD MARKET#2/ROBESCO,271 KING ST,"(57.1535486, -2.09489005)"
     16447,MIKES PITT STOP,2280 TILLOTSON AVE,"(40.882391999999996, -73.82633619621214)"
     21420,WILSON GROCERY,182 WILSON AVE,"(40.6994101, -73.9237513)"
     21700,GREEN FRESH#2,527 DEKALB AVE,"(40.690947333333334, -73.95579533333333)"
     19332,STATION EXPRESS,2517 SEAGIRT AVE,"(40.595266153061225, -73.75875381632652)"
     18529,PARKSIDEZ CORNER DELI,713 FLATBUSH AVE,"(40.6557782, -73.9597121)"
     15861,ROMERO GROCERY,581 W 207TH ST,"(40.8670246, -73.9206004)"
     22584,ISLAND PRIDE RESTAURANT,5403 CHURCH AVE,"(40.65260705, -73.92636386861966)"
     15133,JOSE FINA'S MISCELLANEOUS,911 PENN ST,"(40.23388533333333, -76.81446483333333)"
    256034,LA ESQUINITA COLOMBIANA,4276 SW 152ND AVE,"(25.7266691, -80.440526)"
     19712,EL BUEN GUSTO RESTAURANT,5201 4TH AVE,"(40.6451592, -74.0136405)"
   1922523,WINN DIXIE #2523,820 OLD CAMP ROAD,"(28.907178199999997, -81.97008425469153)"
     25499,BATISTA GROCERY CORP,11647 SUTPHIN BLVD,"(40.6990815, -73.8069837)"
     26905,LIQUOR GALLERY,131 ELMORA AVE,"(40.668087765957445, -74.30619314893617)"
     15462,JEREMY GROCERY,179 WARBURTON AVE,"(40.9412933, -73.897968)"
     90053,APPLE FOOD MART (W),5255 W. MADISON,"(35.7980104, -79.0914454)"
     27304,NETCOST MARKET,2417 WELSH RD,"(40.072425100000004, -75.03132563516323)"
     12554,KEY FOOD #1802 (C),11701 LIBERTY AVE,"(40.676819, -73.376114)"
     19209,NAGLE DELI GROCERY,74 NAGLE AVE,"(40.8604235, -73.9283905)"
     90258,HALSTED GROCERY AND LIQUORS (S),7059 S. HALSTED,"(41.76596677521923, -87.64432193001925)"
     90660,FATHER & SON FOOD MART INC (S),5700 S DAMEN,"(41.790157300000004, -87.67448733036301)"
     21412,ALEX SMOKE SHOP & CONVENIENCE,301 WYCKOFF AVE,"(40.7003924, -73.9123639)"
     22416,MARIA FARM DELI,605 SUTTER AVE,"(40.6693601, -73.8965963)"
     22964,ADAMS DELI CORP,369 BABYLON TURNPIKE,"(40.6711261, -73.5788912)"
     19682,YUMMY FOODS DELI CORP,2445 FREDERICK DOUGLASS BLVD,"(40.814129550000004, -73.94870535311159)"
     19672,A AND D EXPRESS,2400 ADAM CLAYTON POWELL JR BLVD,"(40.8187634, -73.9414925)"
     12127,EMPANADAS MONUMENTAL,1344 AMSTERDAM AVE,"(40.8137873, -73.9562105)"
     27801,277 GOURMET DELI & MINI MARKET,277 S FULTON AVE,"(44.82608486962938, -87.39497760339394)"
     27819,PALISADE DELI & GROCERY INC,156 PALISADE AVE,"(40.9379768, -73.8936607)"
     23248,EMPANADAS MIX,8103 NORTHERN BLVD,"(42.6673425, -73.7573981)"
     91006,CARNICERIA MEXICO,1811 GRAND AVE,"(32.798433, -117.236106)"
    744613,FONTAINEBLEAU FLORIDA HOTEL LLC,4441 COLLINS AVE,"(25.8180847, -80.12204229557773)"
     71177,VIVA MI AREPA RESTAURANT,5197 WASHINGTON ST,"(42.2614439, -71.157287)"
     70297,JALAO DELI,647 STANLEY ST,"(-27.486053, 153.0303359)"
     70117,LA MINITA DE KELSEY,154 CATHARINE ST,"(52.20126765, 0.14757845)"
     71396,TEJADA MARKET,720 CHICOPEE ST,"(42.1865413, -72.60882644571831)"
     71732,EMPLOYEE SALES,PICK UP ONLY,"(52.1472718, -2.243656026797952)"
    860471,LOS BROTHERS FAST FOOD,1114 S MILITARY TRAIL,"(26.303011820895524, -80.13008640298507)"
   1912956,WAL-MART #2956,1401 ILLINOIS ROUTE 59,"(41.7019686, -88.2056434)"
   4103477,JEWEL OSCO # 3477,4734 N CUMBERLAND AVE,"(41.9656283, -87.8379362)"
    860908,SANCHEZ SUPERMARKET,405 NW 12 AVE,"(-26.6934251, 27.7963811)"
     29906,FLATBUSH ORGANIC MART,990 FLATBUSH AVE,"(40.64716625, -73.95845600577074)"
     72125,JACOBO SUPERMARKET,461 HAMPSHIRE ST,"(42.717407449999996, -71.17127038153589)"
    901523,L.C.S. ROTY SHOP #1,19505 NW 2ND AVE,"(25.9538541, -80.2050425)"
     18950,JADS DELI GROCERY,113 ROCKAWAY AVE,"(40.6629651, -73.698743)"
     19876,FLATLANDS MINI,10404 FLATLANDS AVE,"(40.6469869, -73.8950671681198)"
     20879,MANUEL MINI MART CORP,481 E 180TH ST,"(40.851534, -73.8953581)"
     20077,ARLINGTON GROCERY,383 ARLINGTON AVE,"(45.405470750000006, -75.70460041306622)"
     21354,CRUZ GROCERY,237 IRVING AVE,"(40.7007064, -73.9171049)"
     24932,LA PLACITA DE PONCE CORP.,459 BROOK AVE,"(41.00478178423206, -74.0175388796374)"
     17894,1212 GROCERY INC.,247 AUDUBON AVE,"(40.8462298, -73.93394888411618)"
     19147,EVELINA GROCERY,1339 FLATBUSH AVE,"(40.6385584, -73.9535234)"
     24945,JACKSON CONCORD,740 E 149TH ST,"(40.812865650000006, -73.90840049350228)"
     20405,TROPICAL SENSATION REST,953 AMSTERDAM AVE FRNT 1,"(40.7027888, -73.9771388)"
     15877,THAYER GROCERY,51 THAYER ST,"(40.8630323, -73.9266515)"
     25016,TROPICAL SUPERMARKET,323 E GUN HILL RD,"(40.8790535, -73.8736397)"
     20171,SHELL KOSHER INC,83 ROUTE 59,"(41.09496884531297, -73.93820345139933)"
     21644,ALL FRESH SUPERMARKET,46 HARRISON AVE,"(42.2157275, -70.9918560503732)"
     22371,GROCERY,99 JAMAICA AVE,"(40.678833850000004, -73.89641595053874)"
     23567,LMS LATIN SERVICE,45 E BLACKWELL ST,"(40.884515666666665, -74.555947)"
     23427,LA FONDA LATINO GRILL CORP,426 HAWKINS AVE,"(40.82461695, -73.10820008102701)"
     16981,UNIQUE 99 CENT STORE,1111 FLATBUSH AVE,"(40.643654875, -73.957714875)"
     21723,15TH AVE FRUIT,4315 15TH AVE,"(40.6352545, -73.98436256755656)"
     18114,WASIL GROCERY,19401 LINDEN BLVD,"(39.461686, -74.975378)"
     26878,REYES GROCERY,113 GROVE TERRACE,"(40.739950163265306, -74.22299030612245)"
     16513,SOSUA DELI CORP,2634 3RD AVE # 141,"(42.6413813, -73.764438)"
     19829,LA BELLACA GROCERY,408 TOMPKINS AVE,"(40.6833396, -73.9440721)"
     19580,FAMOUS DELI LLC,1224 MORRIS AVE,"(40.8337296, -73.913638)"
    650236,GENLEE MARKETING INC,1305 ROGERO RD,"(30.333988918367346, -81.58905918367347)"
     27729,CHIMI EXPRESS,10117 43RD AVE,"(43.877333542421724, -92.3934733896021)"
     20306,BOB DELI,108 E 126TH ST,"(40.80525265, -73.93786688886817)"
     27816,LOS TEXANOS DELI,1 EDISON AVE,"(42.0990978, -75.866076)"
     20756,NEWS GALLERY INC,1524 AVENUE M,"(40.6179537, -73.9592398)"
     18032,TELA MAR KJB DELI,307 CLINTON ST UNIT A,"(None, None)"
    711207,MI REFUGIO SUPERMARKET,4760 CHURCH ST N,"(42.232471469387754, -77.19349353061224)"
     19666,YUMMY FOODS CENTER,2240 ADAM CLAYTON POWELL JR BLVD,"(40.8133923, -73.9454298)"
     70138,EDDIE'S SUPER,300 PLEASANT ST,"(41.63004275, -70.92579095839744)"
     70945,GOD FIRST ENTERPRISE IMPORT,753 MAIN ST,"(41.7714304, -70.74483568342129)"
     71001,TEJADA MARKET 3,537 UNION ST,"(37.80040925, -122.4081642285294)"
    112271,PRICE RITE #271,2330 WATT ST,"(42.7836326, -73.9207326)"
     70831,EL TIPICO RESTAURANT,25 Canal St,"(40.7146372, -73.9904715)"
     71969,MY FOOD MARKET,20 GREENFIELD ST,"(-41.6068189, 171.8813391)"
     91400,79TH SNACK SHOP,7901 S AVALON AVE,"(41.75116425, -87.59398582200032)"
    860931,BROTSON WIMAUMA SUPERMARKET,2502 W LAKE DR,"(35.81725070101877, -78.64562304097545)"
    860939,PROINSUMOS,11 NW 19 AVE,"(52.7882231, -108.3186824)"
   1912414,WAL-MART #2414,973 N HARRISON AVE,"(35.8017928, -78.7854255)"
     29939,NEW NELLYS RESTAURANT,50 RAYMOND AVE,"(-34.0676262, 150.8271561)"
     72105,ROXYS CONVENIENCE STORE,501 A MEDFORD ST,"(39.7404139, -84.1679642)"
   1911977,WAL-MART #1977 V#251893921,1872 ROUTE 88,"(14.27771265, 121.0988488)"
     62506,PARADICE CREAM,239 CENTRAL AVE SUITE E,"(None, None)"
    333492,KROGER #492,5664 JONESBORO RD,"(33.6002589, -84.3370693)"
     16080,BARKAM CORP. DELI,203 THOMAS S BOYLAND ST,"(40.6774292, -73.9134652)"
     16691,362 WILLIS DELI,362 WILLIS AVE,"(40.811748, -73.92059300289586)"
     19060,KADEL DELI,299 WINTHROP STREET,"(40.6572092, -73.9500017)"
     19986,NAVARO GROCERY,228 LEWIS AVE @ QUEEN STREET,"(None, None)"
     20287,ST NICHOLAS FOOD INC,285 SAINT NICHOLAS AVE,"(42.3054264, -71.77736195)"
     24874,"MIAMI DELI GROCERY, INC.",320 SAINT NICHOLAS AVENUE,"(40.8112157, -73.9520379)"
     23628,PANADERIA EL PAISA Y LA COSTEN,471 21ST AVE,"(37.778906649999996, -122.4805915691542)"
     18472,LEE SUPERMARKET,68 LEE AVE,"(48.4653717, -81.3334732)"
     16178,HAMILTON MEAT MARKET,1 HAMILTON PLACE/136TH ST,"(None, None)"
     19446,MELISSA MINIMART,879 E 175TH ST,"(40.8399898, -73.8881839)"
     17834,QUISQUEYANA RESTAURANT,9703 ROOSEVELT AVE,"(40.78885764635727, -91.1426198974962)"
     14680,PLAZA MEXICO,297 MONROE ST,"(40.6861593, -73.94639055631774)"
     17501,FORHAM DELEY,2542 MANION AVE,"(-33.8753587, 151.2627414)"
     17499,MOHAMIOL,1079 NOSTRAND AVE,"(40.6616969, -73.9505796)"
     23763,J & J MINI MARKET,855 MONROE AVE STE A,"(None, None)"
     15837,EMILIO GROCERY,199 HOWARD AVE,"(40.6816658, -73.9196103)"
     24158,DIAMOND NEWS INC,631 2ND AVE FRNT A,"(None, None)"
     25394,BROTHER SUPERMARKET,625 GROVE ST,"(34.06141275, -117.16152987132978)"
     25978,LA POLLERA COLORADO,4015 JUNCTION BLVD,"(40.74852071428571, -73.86914403571429)"
   1094341,DOLLAR GENERAL #4341,3449 MARINER BLVD,"(28.485855612244897, -82.54362602040817)"
   1092969,DOLLAR GENERAL #2969,9301 66TH ST N,"(27.856779, -82.728698)"
     16915,HNR DELI & GROCERY CORP,1223 CHURCH AVE / ARGYLE,"(51.6133693, -0.1861193)"
     23952,FRESH GREEN FARM,6002 5TH AVE,"(40.6394421, -74.0164059)"
     91300,CENTRAL GENERAL MERCHANDISE,326 N CENTRAL AVE,"(38.5622271, -75.57139463523157)"
     24923,LECHONERA POLLO SABROSO DEL VALLE,920 E 174TH ST,"(40.8371728, -73.8875453)"
     19985,NACY FOOD DELI CORP,796 GREENE AVE,"(40.6899884, -73.9362842)"
     25296,BRONX MEAT & DELI CORP BRONX MEAT & DELI CORP,100 E 183RD STREET,"(40.8578846, -73.9016096)"
     28951,PLANET OF WINE,1771 W EDGAR RD,"(40.61275275, -74.25585291666667)"
     71144,GROVE HALL CONVENIENCE MARKET #2,292 TALBOT AVE,"(38.579030802495836, -76.08423718647144)"
     71090,TONY GROCERY,801 HIGH ST,"(37.44171325, -122.1594341)"
    860440,HAVANA GEORGE CAFE,100 S 2ND ST,"(37.4732581, -108.507481)"
     29178,STAY FRESH JUICE & SALAD BAR,21811 JAMAICA AVE,"(38.4300462, -75.0571893)"
     71781,D' EMPANADAS,11 HILLDALE AVE,"(42.7789131, -71.08980045315687)"
     71821,MORENO DELY GROCERY,76 OAK STREET,"(14.40812635, 120.90848142621783)"
     29838,MULBERRY STREET DELI AND GROCERY,227 MULBERRY ST,"(40.7225891, -73.99629160369663)"
     29849,JAV TIGERMART,710 FULTON AVE,"(40.71233175, -73.6075664)"
     29865,PLATA FOOD DELI,3105 24TH AVE,"(41.23936708644958, -95.89241549093073)"
     29857,BUENO DELI,122 HEYWARD ST,"(33.40926163389225, -80.30730112192003)"
     30269,RUSTY FLAVORS #2,1325A 5TH AVE,"(39.985248, -82.934057)"
     29973,QUEENSCARE PHARMACY,8446 JAMAICA AVE,"(40.6958662, -73.8387896)"
   1305243,CVS  #5243,8861 SW 136TH ST,"(25.646457391304345, -80.33764982608696)"
    903086,AM PM FOOD MARKET,5501 BROADWAY BLVD/55TH STR,"(None, None)"
    289272,JARDINES DE CONFUSIO INC,10658 NW 7TH ST,"(35.34365338758801, -95.13077064937166)"
     19391,MATEO GROCERY,9424 NORTHERN BLVD,"(42.6673425, -73.7573981)"
     23547,LOS PAISAS BAKERY,143 BROADWAY,"(40.7105087, -73.9633278)"
     20750,PRINCE DELI,2827 MERMAID AVE,"(40.5756863, -73.9952708)"
     19009,SNAA DELI GROCERY,1133 FLATBUSH AVE,"(40.642856, -73.9575071)"
     22381,HUSSEIN SALEH DELI & GROCERY,1961 FULTON ST,"(39.95467266887417, -82.95025517880795)"
     23337,NUTRIPAN BAKERY,5609 JUNCTION BLVD,"(40.744892, -73.8678928)"
     31045,C-TOWN SUPERMARKET,3320 BROADWAY,"(40.8196111, -73.9551035)"
     17261,5TH AVE CORP,1318 5TH AVE,"(40.7974585, -73.9490316)"
     19527,G-Z FRUIT STORE,397B E 167TH ST,"(41.5864049, -87.6341405)"
     19536,LIBERTY DELI,13502 LIBERTY AVE,"(43.096967, -75.31668)"
     20428,BROTHER CANDY GROCERY,542 E 14TH ST FRNT 1,"(None, None)"
     19490,JR DELI GROCERY CORP,1492 VYSE AVE,"(40.8328663, -73.8881488)"
     19350,A & G MINI MARKET,752 SENECA AVE,"(40.7022132, -73.9069322)"
     15835,ADONI GROCERY,212 RALPH AVE,"(40.6824435, -73.9227658)"
     31061,PRICE PLUS,156 W 170TH ST,"(40.8412797, -73.9246056)"
     15192,FABIO'S CHICKEN INC,4805 N FRONT ST,"(40.02330215, -75.12373259476745)"
     24810,TAVARES DELI CORP,789 OLD COUNTRY RD,"(40.7728938, -73.4845325)"
     26245,SPICE WORLD INC,12321 LIBERTY AVE,"(40.1999836, 44.5206647)"
     27163,DELI TOBACCO CORP,6971 FEATHERBED LN ST#4,"(51.2798354, 0.9145729)"
     18086,JFP GROCERY & DELI,20101 LINDEN BLVD,"(40.653959, -73.912158)"
     21845,DAMIA FOOD MARKET CORP,2303 PITKIN AVE,"(40.6733553, -73.88728345)"
    647843,ISLAND WEST INDIAN MARKET,11328 OKEECHOBEE BLVD SUITE 9,"(26.7053931, -80.0491814)"
     25040,PABLO MELO MAMA FIFI GROCERY,595 TAYLOR AVE,"(40.8172973, -73.8621329)"
     19081,TAHANI N. ALFADLI FITNEST DELI & GROCERY,523 ROGERS AVE,"(37.82899390060329, -92.51292567345227)"
     27683,NAH DELI GROCERY,901 85TH STREET,"(40.619209, -74.0206027)"
    965674,NICHOLAS HIGH QUALITY MEATS,4619 W HARRISON,"(33.31663406329114, -111.92181529113924)"
     27957,ECUA VARIEDADES,11 CENTRE ST,"(-27.3632011, 153.0185609)"
     21714,DUDDYS CORNER BORO PARK FOOD CENTER,5714 14TH AVE,"(40.6288557, -73.9951583)"
     16298,JGP DELI,846 PROSPECT AVE,"(41.7737032, -72.71467178152585)"
     28704,TWENTY TWENTY CANDY Y GROCERY,2199 GRAND CONCOURSE,"(40.8560001, -73.901199)"
     28933,JA SPICE ISLAND JERK,67 MAIN ST,"(54.7715521, -5.7510718)"
     14925,ONE LOVE MEAT & FISH LLC,4206 WHITE PLAINS RD # 08,"(35.473231603563036, -76.01767591618928)"
     70752,AMERICA'S MARKET,1502 ACUSHNET AVE,"(41.662602449999994, -70.92795041057775)"
     71115,TAPIA MARKET AND DELI,935 WORTHINGTON ST,"(33.10816127964363, -91.27399876884729)"
    860513,TASTE OF THE ISLAND 2,178 S STATE RD 7,"(26.0010013, -80.2071211)"
     16125,JAIDEN GROCERY,276 ALBANY AVE,"(40.6712288, -73.9393805)"
     29639,RAPAEN CUISINE,60 S MAIN ST,"(42.187378100000004, -71.75519043868556)"
     28605,J & E DELI-GROCERY,3321 3RD AVE,"(40.825753999999996, -73.90814433333334)"
   4100056,JEWEL OSCO #0056,1156 MAPLE AVE,"(41.787013650000006, -88.07557005)"
     29834,LA MARQUETA MEAT & PRODUCE,196 MAIN ST,"(42.309814200000005, -72.21029704210875)"
     91459,FANTASTIC FOOD,2453 E. 75TH STREET,"(36.05550030612245, -95.95655642857143)"
   4103426,JEWEL OSCO # 3426,2502 N. WAUKEGAN RD.,"(42.0157398, -87.8025049)"
    860072,BRASA Y SAZON,5484 W 16TH AVE,"(25.87212242857143, -80.31515242857142)"
    861193,THE HOMETOWN MARKET,401 PLAZA DR,"(28.8247678, -81.6898291)"
     24840,AJ FOODS,2142 5TH AVE,"(40.8105004, -73.93969048334708)"
     24791,EL CAFETAL BAKERY,10225 JAMAICA AVE,"(40.6958662, -73.8387896)"
     16834,M & P GROCERY,809 NOSTRAND AVE,"(40.6688298, -73.9504517)"
     21035,ASHLEY GROCERY,506 CLINTON AVE,"(40.9972636, -92.41825105000001)"
     24190,YANKEE DELI II,122 AVENUE C FRNT A,"(None, None)"
     20832,BAINBRIDGE FOOD CENTER,3226 BAINBRIDGE AVE,"(40.8764939, -73.8795039)"
     22654,NOSTRAND STOP 1 FOOD CENTER,612 NOSTRAND AVE,"(40.6775454, -73.949924)"
     22790,VIP GROCERY,10819 101ST AVE,"(27.864461, -82.78903951386997)"
     16703,GOLDEN PRODUCE LLC,364 E 204TH ST,"(40.8716166, -73.8774875)"
     31164,ELETE SUPERMARKET,3104 FULTON ST,"(30.45883948979592, -91.15726267346938)"
     30249,FINE FARE -IV,37 MALCOLM X BLVD,"(40.693095, -73.9309379)"
     23781,MT.PROSPECT GROCERY,321 MOUNT PROSPECT AVE,"(40.8571968470177, -74.16028385210349)"
     16203,M4 GROCERY,1633 LEXINGTON AVE,"(40.7904475, -73.9474261)"
   1922425,WINN DIXIE #2425,1360 TAMPA STREET,"(32.39792707222257, -91.18419928320523)"
     23117,CITGO,3620 QUEENS BLVD,"(40.743902, -73.928494)"
     25972,DELI GRILL CORP,1370 NOSTRAND AVE,"(40.65329895, -73.95006995)"
    19113B,NEW MILLENNIUM GROCERY,510 OCEAN AVE /CHURCH,"(40.6500804, -73.9605504)"
     26040,D COLOMBIA LLC,99 W PALISADE AVE,"(40.8964086, -73.9788242)"
   1091521,DOLLAR GENERAL #1521,6971 TAFT ST,"(37.67621089443685, -97.42313357341374)"
     26259,NEW APPLE MARKET INC,21601 JAMAICA AVE,"(40.7252583, -73.7214394)"
     26700,EMPANADA LOCA,606 5TH AVE,"(42.25991845, -88.6018647220398)"
     90523,SOUTH SHORE FOOD & LIQUORS,2400 E. 75TH STREET,"(36.055356, -95.957697)"
     90349,M & M FOODS - AUSTIN (W),1201 N. AUSTIN,"(41.90226515, -87.77495657399382)"
     19778,PAPA DELI,849 MARCY AVE,"(40.6842746, -73.9468564)"
     17447,WOODSIDE DELI & GROCERY INC,7702 WOODSIDE AVE,"(40.337228561817426, -76.72691847609728)"
     19415,THE GOOD GUY MEAT MARKET CORP,187 E 167TH ST,"(40.834084000000004, -73.91705489130435)"
     21826,95TH EXPRESS DELI & GROCERY INC,8820 95TH AVE,"(27.85845051770789, -82.76095590290765)"
     28019,MORRIS AVE DELI,1274 MORRIS AVE,"(40.15784137200492, -79.03507178380289)"
     18377,EL SITIO DELI GROCERY,892 HOME ST,"(40.8281695, -73.89476150291944)"
     28142,N & M EXPRESS DELI INC,22201 JAMAICA AVE,"(40.6958662, -73.8387896)"
     26334,RAGI DELI INC,4125 WHITE PLAINS RD,"(40.8914805, -73.8586702)"
     17965,ALAA DELI GROCERY CORP,1718 SOUTHERN BLVD,"(40.8371539, -73.8876662)"
     23842,79-07 EXPRESS NEWS INC,7907 MAIN ST,"(34.11031490075672, -84.51760083520179)"
     20345,FAMILY GOURMET DELI CORP II,2366 FREDERICK DOUGLASS BLVD # 127,"(40.8314909, -73.9355196)"
     71347,EYE ADOM AFRICAN MARKET,49 PLEASANT ST UNIT B,"(None, None)"
     71152,ROSLINDALE VARIETY STORE,4254 WASHINGTON ST,"(43.281102000000004, -77.17938914763779)"
     29203,MAMA'S RESTAURANT,2347 2ND AVE,"(40.7998654, -73.935909)"
     28317,MARKET FRESH SUPERMARKET,5265 65TH PLACE,"(42.575186830234735, -87.8717513573994)"
     12363,C TOWN,10854 GUY R BREWER BLVD,"(40.6877234, -73.7850521)"
    333098,KROGER #98,1690 POWDER SPRINGS RD,"(33.9084559, -84.6031124)"
     29392,BROTHERS MINI MARKET DELI,3559 99TH ST,"(42.527824196159656, -87.84945445858538)"
   4103084,JEWEL OSCO # 3084,199 BROOKFOREST AVE,"(None, None)"
     29753,107 MINI MARKET,10715 NORTHERN BLVD,"(42.6673425, -73.7573981)"
     26295,BIG WAVES SMOKE SHOP AND GROCERY,1217 FLATBUSH AVE,"(40.6406855, -73.9556089)"
     29820,ALEJANDRINAS UNISEX SALON,239 LAKESIDE RD,"(41.5403035, -74.0985978)"
     29407,5TH AVE BROTHERS DELI,1325 5TH AVE,"(40.79762345, -73.94816415)"
     29918,CVS PHARMACY #648 V#B282,300 N WOOD AVE,"(40.6321337, -74.2544413)"
    861090,NORIAL ENVIOS,3831 W VINE ST,"(28.3069026, -81.44280698556362)"
   1307923,CVS #7923,2873 SOUTH WEST PORT ST. LUCIE,"(None, None)"
     91488,LIL SAMS MINI MART,3753 W DIVISION ST,"(41.902550649999995, -87.72108422066648)"
     30267,GOLDEN KRUST,1335 S AVE,"(41.07908752458917, -91.35159372181896)"
    112408,PRICE RITE #408,2299 CUMBERLAND ST,"(40.339422, -76.45315)"
     16210,SADI GROCERY,2374 AMSTERDAM AVE,"(40.8460715, -73.93273624655313)"
     17392,FAMILY FAIR GROCERY,2829 FREDERICK DOUGLASS BLVD,"(40.82686838461539, -73.939096)"
     18796,DELI&GROCERY,41 LINCOLN AVE,"(-33.7413035, 151.2967144)"
     21160,ACEVEDO GROCERY,551 COMMUNIPAW AVE,"(40.716462882974824, -74.07083441769439)"
     23611,WENDY GROCERY,329 10TH AVE,"(40.7516167, -74.0015284)"
     20436,GOLDEN DELI,43 CATHERINE ST,"(-38.13811035, 144.3385133994042)"
     22231,DELI SUPRETTE,449 2ND AVE,"(40.7395692, -73.9799077)"
     19893,LANFRANCO,944 HEGEMAN AVE,"(40.665754, -73.87790654545455)"
     23968,THREE SISTERS GROCERY & DELI,6324 14TH AVE,"(40.6254171, -73.9987232)"
     11178,PIONEER SUPERMARKET,10209 NORTHERN BLVD,"(42.6673425, -73.7573981)"
     17056,BOGOTA BISTRO,141 5TH AVE,"(40.7399758, -73.9904469)"
     19815,497 MARCY AVENUE CORP.,497 MARCY AVE,"(40.6984886, -73.94958775)"
     20660,MI CANDILAJA RESTAURANT,1509 MERMAID AVE,"(39.917590734693874, -74.20429673469388)"
     18731,YARD FLAVORS,466 HEMPSTEAD TPKE,"(40.70614, -73.655971)"
     17088,LOS FERMANDEZ MEAT,5013 5TH AVE,"(-34.8834633, 138.5180815)"
     20823,860 GROCERY,860 E 180TH ST,"(40.8452785, -73.8833297)"
     21405,DOURE PARK DELI & GROCERY,1199 HALSEY ST,"(28.801915, -96.985269)"
     21466,J&K GROCERY,1222 BUSHWICK AVE,"(40.6877123, -73.9154518)"
     16449,NEW DELY GROCERY,3201 WHITE PLAINS RD,"(40.871678450000005, -73.8674393)"
     16410,R - Y GROCERY CORP.,3607 BRONXWOOD AVE,"(40.8781092, -73.85938968176373)"
     15395,MIKE MEAT MARKET,21822 MERRICK BLVD,"(40.3254146, -83.0777962)"
     23975,EL POLLO RESTAURANT,560 RICHMOND RD,"(-36.8613897, 174.7331499)"
     26401,MOLINA DELI MKT LLC,1111 MARTIN LUTHER KING JR BLVD,"(40.2358183, -74.7570711)"
     25281,XTRA SUPERMARKET,421 BERGEN STREET,"(40.680493642857144, -74.26569658928571)"
     18974,FULTON GROCERY DELI CORP,909 FULTON ST,"(40.68358795, -73.96670841332461)"
     19992,JESSICA DELI GROCERY,418 JEFFERSON AVE,"(40.684214, -73.9410138)"
     22836,KING FAHD DELI & GROCERY INC,13202 LIBERTY AVE,"(42.861647346938774, -92.8102661122449)"
     25864,NEW CANDY PLAZA CORP,937 E 172ND ST,"(40.8339159, -73.8890099)"
     27648,CHIMIS RESTAURANT,911 SUMMIT AVE,"(43.019603000000004, -88.2441225)"
     27203,LITTLE BIT MOORE DELI,108 ALBANY AVE,"(44.6922505, -75.5021362)"
     21127,ROSARIO'S MINI MARKET,444 OCEAN AVE,"(40.6794374, -73.66362317426432)"
   1305787,CVS #5787,11500 BONITA BEACH RD. SE,"(26.33135, -81.762346)"
     28549,TU TIPICO DOMINICANO,1195 CASTLETON AVE,"(40.634329699999995, -74.1221459533336)"
     28029,DIAZ GROCERY,204 DUNCAN AVE,"(40.7275388, -74.0781767)"
    860285,PLAZA SANTO DOMINGO CORP,1334 NW 36TH ST,"(29.44898906122449, -98.57003610204082)"
     71228,BUENO GROCERY,100 PARK ST,"(46.2246406, -61.3046013)"
     71391,HEI ELVIS RECORDS,698 MERRIMACK ST,"(42.648394137931035, -71.31945468965517)"
     70803,BLUE MINI MARKET,205 BARBOUR ST,"(41.791022, -72.6781313)"
     71747,SHORTY DELI INC.,515 S. PEARL ST.,"(42.6351885, -73.7623565)"
     71070,CUBA SUPERMARKET INC.,439 HIGH ST,"(42.19919535, -71.0666116438247)"
     71726,MAIN SUPRETTE,781 MAIN ST,"(41.553628, -70.60199565)"
     29212,CVS PHARMACY #5372 V#B282,503 E MAIN ST,"(37.200628249999994, -99.4786788)"
    720146,CARNICARIA LA MEXICANA- 1515 WASH.,1515 WASHINGTON STREET,"(32.75202, -117.148999)"
    860895,MI PUERTO RICO IMPORTS,126 N PARSONS AVE,"(37.28939118918919, -120.45149408108108)"
     16475,156 FOOD MARKET,760 GRAND CONCOURSE FRNT 2,"(51.468831, -0.481269)"
    861062,FIESTA FOOD MARKET #3,4101 N STATE ROAD 7,"(26.8086149, -80.1975239)"
    861173,D&DS SNACK,225 W 9TH AVE,"(33.113312300000004, -117.07824891241353)"
    861187,AR CARIBEAN EXPRESS,8204 NW 103RD STREET,"(25.8690349, -80.3302126)"
    978235,AL DOLLAR DISCOUNT CORP,7953 W MCNAB RD,"(26.208168970268108, -80.25725653300273)"
     19691,SABRINA FOOD CORP.,2643 FREDERICK DOUGLASS BLVD,"(40.8204603, -73.9438717)"
     20006,QUALITY FRESH MARKET,901 DRIGGS AVE,"(40.708401, -73.96249)"
     20035,JOSE M. BATISTA,1342 SUTTER AVE,"(40.673127699999995, -73.86827196838843)"
     22929,COLLADO GROCERY,300 N MAIN ST UNIT B,"(None, None)"
     14294,TESSER'S MEAT MARKET,8784 PARSONS BLVD,"(-27.2016557, 153.0179101)"
     21711,MITTLEMAN FOOD CENTER,1823 CONEY ISLAND AVE,"(40.6130537, -73.96258854353144)"
     21128,ANDY'S SUPERMARKET,692 OCEAN AVE,"(10.260531, -61.475891)"
     21162,OCEAN MINI MARKET,589 OCEAN AVE,"(40.683878, -73.4665565)"
     15805,UNITED GROCERY,1304 E GUN HILL RD,"(40.8714913, -73.8485476)"
     12802,SHOP SMART,445 DEKALB AVE,"(40.6905957, -73.95968690334519)"
     21017,187 GOURMET DELI CORP,651 E 187TH ST,"(40.8549219, -73.8860026)"
     17668,CHAPS FOOD CENTER,854 EAST N Y AVE,"(40.7825105, -72.96357206081922)"
     18308,VARIETY,1501 WHITE PLAINS RD,"(40.8379417, -73.8637677)"
     20811,BORINQUEN GROCERY,2019 VYSE AVE / 179TH ST,"(None, None)"
     21385,STOP 1 GROCERY,1439 MYRTLE AVE,"(40.6990161, -73.91825857144549)"
     21390,M.F. MEAT MARKET,306 IRVING AVE,"(40.69878745, -73.9143717505749)"
     15880,AGUA AZUL SUPERMARKET,35 SHERMAN AVE FRNT 2,"(None, None)"
     31248,C-TOWN SUPERMARKET,3632 BROADWAY,"(40.8300188, -73.9475052)"
     24121,FM NEWSSTAND CORP.,122 E 42ND ST LBBY,"(None, None)"
     21368,ESPINAL FOOD MARKET,574 WILSON AVE,"(40.6904953, -73.9080353)"
     18228,S.A GROCERY,10321 MARTENSE AVE,"(40.7404513, -73.8563697)"
     25396,PROGRESO MINI MARKET,535 S ORANGE AVE,"(35.30812073469388, -78.6194345510204)"
     20702,GREEN APPLE DELI,191 BROAD ST,"(51.5338562, 0.1513195745038718)"
     16278,ROD DELI GROCERY,80 W KINGSBRIDGE RD FRNT 104,"(None, None)"
     26047,DELI GROCERY,82A E 18TH ST,"(41.6147594, -93.5871249)"
    855550,BAMBOO COLOMBIAN CUISINE INC.,13327 SW 42 ST,"(49.8690397, 10.3681258)"
     16533,SOUNDVIEW DELI GROCERY,1741 RANDALL AVE,"(40.8168271, -73.8654538)"
     22333,LILY MINI MARKET,689 RALPH AVE,"(40.665992, -73.92217260531709)"
  10912726,DOLLAR GENERAL #12726,1011 N 15TH ST,"(41.27092536734694, -95.86580269387755)"
     20415,GOURMET DELI ON 8TH AVE CORP,100 8TH AVE # 15,"(-33.9178962, 18.8437495)"
     27897,FLORIDITA BAKERY,4187 BROADWAY,"(40.8478772, -73.9381354)"
     20538,1411 SAVORY DELI,1411 5TH AVE,"(40.80028025, -73.9463933022)"
     19977,ECHAVARIA FOOD CORP,892 DEKALB AVE,"(40.692418599999996, -73.94023055484962)"
     14961,BETTER PRICE 99 PLUS STORE CORP,2271 3RD AVE,"(40.802535000000006, -73.9362780022991)"
     24826,2258 FOOD CORP,2258 3RD AVE,"(40.8023369, -73.9370332)"
   1915879,WAL-MART #5879,11145 BRYTON TOWN CENTER DR,"(35.37098695, -80.82788389316039)"
     91076,SHOP N SAVE MEAT MARKET,8211 S ASHLAND,"(41.7445011, -87.6630046989923)"
     91137,RUDY FOOD & LIQUOR,1558 W 69TH ST,"(44.87817877551021, -93.29918887755102)"
     28913,CHOPPED CHEEZE,292 LENOX AVE,"(40.76605935, -72.95883523880916)"
     70266,DELI SHOP GROCERY LLC,140 WALNUT ST,"(42.09129905, -71.02449143761787)"
     70980,CAROLINA GROCERY,867 NEW BRITAIN AVE,"(41.7317738, -72.7125105)"
     70600,PACHECO MINI MART,175 PEQUONNOCK ST,"(41.18092283247431, -73.19824242929033)"
     25771,3 IN 1 DELI GROCERY,13111 JAMAICA AVE,"(40.6958662, -73.8387896)"
    860498,GOLDEN KRUST CARIBBEAN RESTAURANT-MARGATE,7372 W. ATLANTIC BLVD,"(26.235580624158498, -80.22378789894971)"
     18937,MIKE'S DELI & GROCERY,9 W 3RD ST,"(42.0958658, -79.24151473819387)"
     29411,EL POLLO REAL RESTAURANTE,6951 GRAND AVE,"(42.38456655, -87.97605117479513)"
    711366,ESTERLYS MARKET,850 DOGWOOD RD SUITE A400,"(None, None)"
    192121,WINN DIXIE #121,100 LITTLE CYPRESS DR,"(30.1036415, -81.4795225)"
   4102702,JEWEL OSCO # 2702,234 E VETERANS PKWY,"(41.6554979, -88.4404484)"
     28595,MYRTLE DELI CORP,497 MYRTLE AVE,"(40.693744949999996, -73.96527783093367)"
    860841,PRONTO GOODS EXPORT & IMPORT,5584 NW 7TH ST,"(25.7778404, -80.285942)"
     29850,HUSSEINS 99 CENTS AND UP,2128 JEROME AVE,"(40.8555667, -73.9055326)"
    861041,PASTELES EDWARD,4502 CURRY FORD RD,"(35.042656, -79.014085)"
     91483,HAPPY SHARKS FISH & CHICKEN,611 N CICERO,"(41.891785799999994, -87.74542680055464)"
    861098,DIXIE WAY SUPER STORE & DELI,110 NW 15TH ST,"(45.5075257, -122.43241767512542)"
    861134,AMY LA CHAPINA,1460 N KROME AVE,"(25.7778113, -80.4821777)"
    700000,ATLANTA MAIZ,5405 BUFORD HIGHWAY,"(33.89944977360314, -84.27818849563866)"
     20678,JR FOOD CENTER,470 NASSAU RD,"(40.6841304, -73.5922015)"
     16852,SAFAN DELI INC,1675 BEDFORD AVE,"(40.6654837, -73.9567622)"
     24964,CCAM DELI GROCERY CORP,798 E 170TH ST FRNT 1,"(None, None)"
     24977,SOUTH BRONX DELI GROCERY,182 WILLIS AVE,"(40.8076279, -73.9237151)"
     24742,ADOLFO FOOD COR,543 EVERGREEN AVE,"(40.6899963, -73.9147234)"
     31162,COVERT SUPERMARKET,1657 BROADWAY,"(40.7625626, -73.9835281)"
     22385,BRAYANO GROCERY,225 PATCHEN AVE,"(40.6834587, -73.92584810613621)"
     14335,LATIN AMERICAN SUP.,429 N 9TH ST,"(37.347290799999996, -121.88768019905518)"
     25081,VARGAS GROCERY,10-12 EAST 176TH STREET,"(39.409813, -93.875614)"
     22489,NEIGHBORHOOD FOOD CENTER,994 WINTHROP ST,"(40.6596571, -73.9264703)"
     14348,LA NUEVA MERCEDES,500 RIVER ST,"(42.2675657, -71.0924273)"
     21358,XTRA SUPERMARKET,625 WILSON AVE,"(40.73243935, -111.87302754999999)"
     17361,NEW YORK BEVERAGE WHOLESALE,515 BRUCKNER BLVD,"(40.810234, -73.902736)"
     19195,SANTIAGO FOOD MARKET,1474 SAINT NICHOLAS AVE,"(40.8508868, -73.93236)"
     21784,DELI GROCERY,810 BLAKE AVE,"(39.546237000000005, -107.322451)"
     15906,MAX SUPREMARKET,388 CENTRAL AVE,"(10.523943, -61.40161)"
     21406,BEYES GROCERY,1245 HALSEY ST,"(40.69403455, -73.90734060568758)"
     17960,STOP SHOP CORP,3754 3RD AVE,"(40.83035622263375, -80.32527439219236)"
     25770,LOS POBLANITOS,10261 JAMAICA AVE,"(40.7252583, -73.7214394)"
   1094670,DOLLAR GENERAL #4670,6145 18TH ST N,"(45.581542096016825, -94.24556865732491)"
     26310,ELMONT DELI N GRILL,139 HEMPSTEAD TPKE,"(40.7090298, -73.7219094)"
     26376,BIG CHAYA,334 W 37TH ST,"(40.75458605, -73.9938348291852)"
     26908,ST ANNIS CAPE,283 ST ANNS,"(41.010347759139535, -75.90235807766928)"
     90597,ZIAD CERTIFIED LIQUORS (S),513 E. 47TH STREET,"(30.308999, -97.72189722115385)"
     27912,CARNICERIA LA CHIQUITA INC,11611 JAMAICA AVE,"(40.6958662, -73.8387896)"
     28322,LOTUS GAS STATION,653 HEMPSTEAD TPKE,"(40.70705635, -73.7025735)"
     23303,MIRA BAKERY #3,8028 BAXTER AVE,"(42.6608661, -93.9608776)"
     28345,DEKALB MARKET CORP,1549 DEKALB AVE,"(40.7028549, -73.9208478)"
   1303399,CVS # 3399,6105 US HWY 98 N,"(28.0867341, -81.9717338)"
     91073,7336 STONY ISLAND INC,7336 S STONY ISLAND AVE,"(41.7613296, -87.5866313)"
     28749,CVS PHARMACY #2906 V#B282,10204 FLATLANDS AVE,"(40.6460254, -73.89645115123723)"
     28986,NOAH SUPERMARKET,197 STUYVESANT AVE,"(40.8172166180337, -74.12378971767134)"
     70356,GENESIS GROCERY,450 NEW BRITAIN AVE,"(41.674034, -72.7413405)"
     71695,TEJADA DIAZ MARKET,693 STATE ST,"(45.4350943, -84.9919418)"
   1301103,CVS # 1103,99434 OVERSEAS HWY,"(25.09258085, -80.4424219)"
     29376,QUICK STOP & DELI,500 BERGENLINE AVE,"(40.755419, -74.040205)"
   4101256,JEWEL OSCO # 1256,103 S RANDALL RD,"(42.1747528, -88.3331864)"
   4104029,JEWEL OSCO # 4029,9528 S ROBERT RD,"(33.4255963, -111.9549433)"
   4100901,JEWEL OSCO # 0901,3400 N WESTERN AVE,"(41.9435774, -87.69002298758474)"
     29750,MOES 1 GOURMET DELI 1,2738 FREDERICK DOUGLASS BLVD,"(40.8230659, -73.9413706161739)"
     29808,HARPER GARDEN FOOD CORP,381 HOOPER ST,"(40.7101238, -73.9522434)"
     72040,LOS MUCHACHOS MARKET,1325 PEMBROKE ST,"(41.1922917, -73.1772906)"
     17506,EASY II CONVENIENCE,1286 SOUTHERN BLVD,"(40.83034802100191, -73.89169662566115)"
     29910,MI PARCELA FRUITS & VEGS CORP,3400 FULTON ST,"(40.684074249999995, -73.87004794430133)"
    861044,KRIS MINI MARKET & CAFE,19501 NE 10TH AVE,"(25.95513445, -80.17730319308845)"
     19895,LINDEN BITES,2228A LINDEN BLVD,"(40.653959, -73.912158)"
     30319,MIKE'S MINI MARKET,730 FLATBUSH AVE,"(40.6549839, -73.9598946)"
     15454,GEORGES JAMAICA BAKERY,1175 GRAND AVE,"(32.795888, -117.247745)"
     17739,D & R GROCERY,7101 PARK AVE,"(39.95648137755102, -75.0394954387755)"
     17594,LANTIGUA GROCERY,3074 14TH ST,"(41.48164550302977, -90.51717990937894)"
     17781,VILLA CAFE BAKERY,885 MAIN ST,"(41.71395795, -70.20259093477256)"
     18091,SUPERIOR MARKET,22020 HEMPSTEAD AVE,"(34.1090807, -118.0183073)"
     19015,1610 NOSTRAND FOOD CORP,1610 NOSTRAND AVE,"(40.6467644, -73.9492981)"
     21132,JARITZA SPMKT 1,237 MARTIN LUTHER KING JR DR,"(32.520420560753124, -92.08015100362735)"
     15736,SANTIAGO GROCERY,15 W TREMONT AVE,"(40.8520923, -73.9098736)"
     18038,PILOT FOOD MART,205 LOWELL AVE,"(40.791906100000006, -73.19184477749525)"
     19184,NAGEL GROCERY,144 NAGLE AVE,"(40.86171066666667, -73.92467173333333)"
     22602,CLARI GROCERY,332 TROY AVE,"(40.6675511, -73.93703312829504)"
     24266,SOPHIES RESTAURANT,21 W 45TH ST,"(40.7560828, -73.9799467)"
     24452,A & I FOOD MARKET,266 BABYLON TPKE,"(40.6735843, -73.582291)"
     19002,VASQUEZ GROCERY,198 KNICKERBOCKER AVE,"(40.7034488, -73.9268111)"
     18399,CASA BLANCA GOURMET FOODS INC.,2W-125ST,"(None, None)"
     17023,LA ESTRELLA RESTAURANT,2104 GRAND CONCOURSE,"(40.8542349, -73.901736)"
     25411,NEIGHBORHOOD MINI MARKET,343 AVON AVE,"(39.70755544827586, -86.39936193103448)"
     25943,CARRIBBEAN VIBES REST BAKERY,1436 NOSTRAND AVE,"(40.651228450000005, -73.94994318466982)"
     27256,EAST 119 GROCERY,2314 1ST AVE,"(40.7976839, -73.933951)"
     90805,TONY'S FRESH MARKET #1667,5630 W BELMONT,"(41.9388456, -87.7679656)"
     19458,STAR DELI GROCERY,188 E 167TH ST,"(40.8341943, -73.9173121)"
     19821,2184 HAREMAYER CORP,181 HAVEMEYER ST,"(40.7106437, -73.9580055)"
     27997,HEIGHTS DELI AND GRILL,557 PALISADE AVE,"(40.822264144011804, -73.98601002250601)"
     28147,CUSCATLECO DELI INC,210 A GLEN ST,"(42.38032305, -76.86986397993937)"
     24851,ALNABIL-91 DELI GROCERY,949 OGDEN AVE,"(40.8315594, -73.930312)"
     90907,LA MESA LLC,1300 E BRANDY ST,"(33.68408, -81.424663)"
     18880,RUTH'S HOT & COLD JAMAICAN DELI,255 BATTLE AVE,"(35.84316001626283, -86.40269867048353)"
     28587,EMPANADAS MONUMENTAL,681 MELROSE AVE,"(40.8193332, -73.9164592)"
   1922342,WINN DIXIE #2342,3120 N WOODLAND BLVD,"(29.084586, -81.322973)"
     70837,ANTOJITOS COLOMBIANOS,173 HANOVER ST,"(42.990833, -71.4590883)"
     24995,LARA MINI MARKET CORP,1382 CROTONA AVE,"(40.833335, -73.8978986)"
     29367,JQ WEB MASTER LLC,4611 EASTERN AVE,"(39.28685695, -76.55689975265977)"
     29412,ABDULLAH SUPERMARKET,7416 101ST AVE,"(42.430032964285715, -86.26236280357143)"
     18217,QUICK STOP,3759 90TH ST,"(42.75969633102761, -91.66162432932069)"
     23004,POLLO NENE CORP,11117 JAMAICA AVE,"(40.6958662, -73.8387896)"
     23172,EL BASURERO RESTAURANT,3217 STEINWAY STREET,"(-37.8840484, 144.717654)"
    135855,FRUTERIA SUYEN,1515 NW 17TH AVE,"(25.7891313, -80.2228143)"
   1221344,TARGET #1344 V#1033652,8801 QUEENS BLVD,"(40.7352678, -73.8746627)"
     12160,GOLDEN KRUST BAKERY,1293 FULTON ST,"(39.95505508914633, -82.96383383457537)"
     21429,LA ESTRELLA SUPERMARKET,215 CYPRESS AVE,"(47.9134576, -122.0844418)"
     17220,SAVE & MORE GROCERY,506 21 ST AVE,"(33.5428751, 73.0947696)"
     17591,CARAVAN CHICKEN,3501 BROADWAY,"(37.82282715, -122.26036880000001)"
     21148,KENYA DELI,139 MONTICELLO AVE,"(39.278090008453916, -80.3341259074557)"
     17690,HERNANDEZA FOOD CENTER,170 W TREMONT AVE,"(40.8507548, -73.9159428)"
     20042,LA FAMILIA GROCERY,834 BELMONT AVE,"(35.229039, -80.823073355331)"
     17201,EL CACHETON,2413 BERGENLINE AVE,"(40.76779934693877, -74.03250126530612)"
     24867,WENDY'S GROCERY,684 CENTRAL AVE,"(40.68745925, -73.906758081376)"
     23123,NIDHI GROCERY INC,4501 47TH AVE,"(38.510478, -121.45436)"
     21548,HEALTH CONCIOUS,23122 MERRICK BLVD,"(40.3254146, -83.0777962)"
     15216,EL MEXICANO,3113 21ST ST STE A,"(None, None)"
     27152,ADAM DELI GRILL,354 SARATOGA AVE,"(40.6735911, -73.9168984)"
     20002,MARCY GROCERY & NEWS INC,300 BROADWAY,"(46.8792911, -96.78801407796834)"
     24943,A & G DELI GROCERY,948 E 163RD ST,"(40.820911, -73.896045)"
     23344,CENTRAL AMERICAN DELI,125 CLARKE ST,"(40.7993022, -73.24991615132774)"
     20301,FIRST KING GROCERY,40 SAINT NICHOLAS AVE,"(40.7071565, -73.9212797)"
     19713,BUEN GUSTO GROCERY,5423 4TH AVE,"(40.6436426, -74.0152216)"
     17605,JANKEL DELI GROCERY,266 E 143RD ST,"(40.8151018, -73.92452501143285)"
     24812,GOALS SERVICE STATION,3260 BROADWAY,"(40.8175592, -73.9563918)"
     90999,P&K SUPRMARKET LLC,6608 W FORD DULAC AVE,"(None, None)"
     28660,LUCKY DELI,6001 HUDSON AVE,"(34.1435, -117.2368)"
     91003,EL TOREO SUPERMARKET EL TOREO SUPERMARKET,229 W. GRAND AVE,"(41.9313111, -87.9494903)"
     70543,EL CAMBIO,32 CENTRAL AVE,"(-33.998715250000004, 151.06390318856452)"
     71210,DIVINE MARKET,47 MAIN ST,"(41.3909962, -71.9602398)"
     71470,J.R. GROCERY & DELI,139 FARREN AVE,"(41.298234, -72.8922476)"
   1301948,CVS #1948 VENDOR ID B282,690 WETHERSFIELD AVE,"(41.7373685, -72.6702359)"
   1305382,CVS #5382 VENDOR ID B282,181 BRIGHTON AVE,"(42.3534672, -71.1335067)"
     19380,THE DELI BEINS,4216 30TH AVE,"(47.5656304, -122.3705392)"
     91219,CRAZY BOWLS AND WRAPS,10403 BAUR BLVD STE A,"(None, None)"
     23169,EL KAMBUCHE DE LOLA,5406 ROOSEVELT AVE,"(30.325571, -97.73414605555556)"
     27538,KEY FOOD #2613 (C),5725 ROCKAWAY BEACH BLVD,"(40.5678217, -73.8677976)"
     29285,99 CENTS STORE,8307 NORTHERN BLVD,"(42.6673425, -73.7573981)"
     71966,SUPER MASS,163 LAWRENCE ST,"(42.639353400000005, -71.30440756090434)"
   4103219,JEWEL OSCO # 3219,119 S RANDALL RD,"(41.8482789, -88.3423968)"
     29837,VILLA 323 DELI GROCERY,323 WARBURTON AVE,"(40.9468818, -73.8968347)"
    861043,TROPICAL FRESH MARKET,4670 US HIGHWAY 17 N,"(33.8491033, -78.6527078)"
    861116,ORLANDO HALAL FRESH POULTRY,2499 REGENT AVE,"(28.577738163467885, -81.41018486429414)"
     72144,FESSENDEN FAMILY MARKET,1300 BLUE HILL AVE,"(42.2792687, -71.0928006)"
    861191,IDEAL FOOD BASKET,3299 NW 2ND AVE,"(25.8068586, -80.1990659)"
    861196,EL CHELE LATIN MARKET,38439 COUNTY RD 54,"(53.305125, -9.7737523)"
    902691,PADARIA BRASIL,841 W SAMPLE RD,"(39.27095473030753, -86.52738531142226)"
    367151,SUPER SAVE FOOD & BEVERAGE,223 E VOORHIS AVE,"(29.024838, -81.3000391)"
     20866,ZESARINA GROCERY STORE INC,526 E 183RD ST,"(40.8546131, -73.8920307)"
     21007,HIGH HOPE DELI,260 E BURNSIDE AVE,"(40.8513837, -73.9024472)"
     16342,ESPONISA,663 ALLERTON AVE,"(40.8655523, -73.8687694)"
     19501,ALBARAKA CANDY CONVENIENCE,918 FREEMAN ST,"(33.75333205, -117.87949131437344)"
     20281,DOMINGO GROCERY,2591 FREDERICK DOUGLASS BLVD # 138,"(40.8314909, -73.9355196)"
     24924,NEW HOPE SUPERETTE,1569 HOE AVE,"(40.8352868, -73.8880233)"
     17319,STUMPY SPOT,777 SARATOGA AVE,"(37.31287443640588, -121.97709997715144)"
     17664,J-RC CORNER DELI,620 MAPLE ST,"(38.8444375, -104.814059)"
     22494,SOUL-JAH,875 RUTLAND RD,"(40.66084695, -73.93054992549332)"
     15970,EL COROZO,47 PITT ST,"(52.63576655, 1.2928866429017716)"
     22460,51 DELI & GROCERY CORP.,51 HEGEMAN AVE,"(40.986799500000004, -74.01568266666666)"
     20937,640 GROCERY,640 E 180TH ST,"(40.8487505, -73.8903755)"
     23362,PARISCIEN BAKERY,9921 NORTHERN BLVD,"(42.6673425, -73.7573981)"
     20003,LEB GROCERY,296 BROADWAY,"(40.7083909, -73.9582351)"
     20883,GROCERY,2381 WESTCHESTER AVE,"(40.8369984, -73.8466809)"
    112633,SHOPRITE #633,616 WHITE HORSE PIKE,"(39.838542125, -75.01085887500001)"
     16069,BROOKLYN FOOD CENTER,1874 FULTON ST,"(39.95485173737374, -82.95054136363636)"
     20051,MY NEIGHBORHOOD GROCERY,385 CHESTNUT ST,"(42.0543639, -72.52718787606383)"
     22186,CRATER NEWSTAND,1034 1ST AVE,"(40.7578705, -73.9630082)"
     22262,GARDENIA DELI,404 8TH AVENUE,"(40.7497523, -73.9949752)"
     22400,K & S PATCHEN DELI GROCERY,308 PATCHEN AVE,"(40.679973, -73.9256136)"
